map_id,region_type,start_x,start_y,end_x,end_y,area
3,area,97,76,113,95,50
3,area,164,76,180,95,51
3,area,70,47,85,66,52
3,area,70,-20,86,-1,53
3,area,97,-49,113,-30,54
3,area,192,-20,207,-1,55
3,area,191,47,207,66,56
3,area,164,-49,180,-30,57
3,area,126,67,149,90,60
3,area,128,-44,151,-21,61
3,area,72,12,94,34,62
3,area,183,12,205,34,63
3,area,114,76,125,82,64
3,area,150,76,163,82,65
3,area,79,35,85,46,66
3,area,80,0,86,11,67
3,area,114,-36,127,-30,68
3,area,152,-36,163,-30,69
3,area,191,35,197,46,70
3,area,192,0,198,11,71
3,area,123,6,154,40,72
3,area,95,-20,182,66,72
3,obstacle,79,34,79,34,0
3,obstacle,79,47,79,47,0
3,obstacle,80,-1,80,-1,0
3,obstacle,80,12,80,12,0
3,obstacle,80,34,80,34,0
3,obstacle,80,47,80,47,0
3,obstacle,81,-1,81,-1,0
3,obstacle,81,12,81,12,0
3,obstacle,81,34,81,34,0
3,obstacle,81,47,81,47,0
3,obstacle,82,34,82,34,0
3,obstacle,84,-1,84,-1,0
3,obstacle,84,12,84,12,0
3,obstacle,84,47,84,47,0
3,obstacle,85,-1,85,-1,0
3,obstacle,85,12,85,12,0
3,obstacle,85,34,85,34,0
3,obstacle,85,47,85,47,0
3,obstacle,86,-1,86,-1,0
3,obstacle,86,12,86,12,0
3,obstacle,94,12,94,12,0
3,obstacle,94,15,94,34,0
3,obstacle,103,-12,103,11,0
3,obstacle,103,35,103,58,0
3,obstacle,104,-12,104,11,0
3,obstacle,104,35,104,58,0
3,obstacle,105,-12,105,11,0
3,obstacle,105,35,105,58,0
3,obstacle,106,-12,106,11,0
3,obstacle,106,35,106,58,0
3,obstacle,107,-12,107,11,0
3,obstacle,107,35,107,58,0
3,obstacle,108,-12,108,-9,0
3,obstacle,108,55,108,58,0
3,obstacle,109,-12,109,-9,0
3,obstacle,109,55,109,58,0
3,obstacle,110,-12,110,-9,0
3,obstacle,110,55,110,58,0
3,obstacle,111,-12,111,-9,0
3,obstacle,111,55,111,58,0
3,obstacle,112,-12,112,-9,0
3,obstacle,112,55,112,58,0
3,obstacle,113,-36,113,-33,0
3,obstacle,113,-30,113,-30,0
3,obstacle,113,-12,113,-9,0
3,obstacle,113,55,113,58,0
3,obstacle,113,76,113,76,0
3,obstacle,113,79,113,82,0
3,obstacle,114,-12,114,-9,0
3,obstacle,114,55,114,58,0
3,obstacle,115,-12,115,-9,0
3,obstacle,115,55,115,58,0
3,obstacle,116,-12,116,-9,0
3,obstacle,116,55,116,58,0
3,obstacle,117,-12,117,-9,0
3,obstacle,117,55,117,58,0
3,obstacle,118,-12,118,-9,0
3,obstacle,118,55,118,58,0
3,obstacle,119,-12,119,-9,0
3,obstacle,119,55,119,58,0
3,obstacle,120,-12,120,-9,0
3,obstacle,120,55,120,58,0
3,obstacle,121,-12,121,-9,0
3,obstacle,121,55,121,58,0
3,obstacle,122,-12,122,-9,0
3,obstacle,122,55,122,58,0
3,obstacle,123,-12,123,-9,0
3,obstacle,123,55,123,58,0
3,obstacle,124,-12,124,-9,0
3,obstacle,124,55,124,58,0
3,obstacle,125,-12,125,-9,0
3,obstacle,125,55,125,58,0
3,obstacle,126,-12,126,-9,0
3,obstacle,126,67,126,67,0
3,obstacle,126,76,126,76,0
3,obstacle,126,80,126,82,0
3,obstacle,127,-12,127,-9,0
3,obstacle,127,67,127,67,0
3,obstacle,128,-32,128,-30,0
3,obstacle,128,-21,128,-21,0
3,obstacle,128,67,128,67,0
3,obstacle,129,-21,129,-21,0
3,obstacle,129,67,129,67,0
3,obstacle,130,-21,130,-21,0
3,obstacle,130,67,130,67,0
3,obstacle,131,-21,131,-21,0
3,obstacle,131,67,131,67,0
3,obstacle,132,-21,132,-21,0
3,obstacle,132,67,132,67,0
3,obstacle,133,-21,133,-21,0
3,obstacle,133,67,133,67,0
3,obstacle,134,67,134,67,0
3,obstacle,135,67,135,67,0
3,obstacle,136,67,136,67,0
3,obstacle,137,-21,137,-21,0
3,obstacle,137,67,137,67,0
3,obstacle,138,-21,138,-21,0
3,obstacle,138,67,138,67,0
3,obstacle,139,-21,139,-21,0
3,obstacle,139,67,139,67,0
3,obstacle,140,-21,140,-21,0
3,obstacle,140,67,140,67,0
3,obstacle,141,-21,141,-21,0
3,obstacle,142,-21,142,-21,0
3,obstacle,143,-21,143,-21,0
3,obstacle,143,67,143,67,0
3,obstacle,144,-21,144,-21,0
3,obstacle,144,67,144,67,0
3,obstacle,145,-21,145,-21,0
3,obstacle,145,67,145,67,0
3,obstacle,146,-21,146,-21,0
3,obstacle,146,67,146,67,0
3,obstacle,147,-21,147,-21,0
3,obstacle,147,67,147,67,0
3,obstacle,148,-21,148,-21,0
3,obstacle,148,67,148,67,0
3,obstacle,149,-21,149,-21,0
3,obstacle,149,67,149,67,0
3,obstacle,149,76,149,76,0
3,obstacle,149,79,149,82,0
3,obstacle,150,-21,150,-21,0
3,obstacle,150,55,150,58,0
3,obstacle,151,-33,151,-30,0
3,obstacle,151,-21,151,-21,0
3,obstacle,151,55,151,58,0
3,obstacle,152,-12,152,-9,0
3,obstacle,152,55,152,58,0
3,obstacle,153,-12,153,-9,0
3,obstacle,153,55,153,58,0
3,obstacle,154,-12,154,-9,0
3,obstacle,154,55,154,58,0
3,obstacle,155,-12,155,-9,0
3,obstacle,155,55,155,58,0
3,obstacle,156,-12,156,-9,0
3,obstacle,156,55,156,58,0
3,obstacle,157,-12,157,-9,0
3,obstacle,157,55,157,58,0
3,obstacle,158,-12,158,-9,0
3,obstacle,158,55,158,58,0
3,obstacle,159,-12,159,-9,0
3,obstacle,159,55,159,58,0
3,obstacle,160,-12,160,-9,0
3,obstacle,160,55,160,58,0
3,obstacle,161,-12,161,-9,0
3,obstacle,161,55,161,58,0
3,obstacle,162,-12,162,-9,0
3,obstacle,162,55,162,58,0
3,obstacle,163,-12,163,-9,0
3,obstacle,163,55,163,58,0
3,obstacle,164,-36,164,-34,0
3,obstacle,164,-31,164,-30,0
3,obstacle,164,-12,164,-9,0
3,obstacle,164,55,164,58,0
3,obstacle,164,76,164,79,0
3,obstacle,164,82,164,82,0
3,obstacle,165,-12,165,-9,0
3,obstacle,165,55,165,58,0
3,obstacle,166,-12,166,-9,0
3,obstacle,166,55,166,58,0
3,obstacle,167,-12,167,-9,0
3,obstacle,167,55,167,58,0
3,obstacle,168,-12,168,-9,0
3,obstacle,168,55,168,58,0
3,obstacle,169,-12,169,-9,0
3,obstacle,169,55,169,58,0
3,obstacle,170,-12,170,11,0
3,obstacle,170,35,170,58,0
3,obstacle,171,-12,171,11,0
3,obstacle,171,35,171,58,0
3,obstacle,172,-12,172,11,0
3,obstacle,172,35,172,58,0
3,obstacle,173,-12,173,11,0
3,obstacle,173,35,173,58,0
3,obstacle,174,-12,174,11,0
3,obstacle,174,35,174,58,0
3,obstacle,183,12,183,20,0
3,obstacle,183,23,183,34,0
3,obstacle,191,34,191,34,0
3,obstacle,191,47,191,47,0
3,obstacle,192,-1,192,-1,0
3,obstacle,192,12,192,12,0
3,obstacle,192,34,192,34,0
3,obstacle,192,47,192,47,0
3,obstacle,193,-1,193,-1,0
3,obstacle,193,12,193,12,0
3,obstacle,193,34,193,34,0
3,obstacle,193,47,193,47,0
3,obstacle,194,-1,194,-1,0
3,obstacle,194,12,194,12,0
3,obstacle,195,12,195,12,0
3,obstacle,196,34,196,34,0
3,obstacle,196,47,196,47,0
3,obstacle,197,-1,197,-1,0
3,obstacle,197,34,197,34,0
3,obstacle,197,47,197,47,0
3,obstacle,198,-1,198,-1,0
3,obstacle,198,12,198,12,0
