"node_id","job_title","node_key","node_kind","area_type","object_type","interact_id","required_part_ids","required_item_ids","required_node_ids","requires_target_lost","output_part_id","stamina_cost","corruption_delta","unlock_node_ids","suspicion_tag","title_kr","title_en","title_jp","alibi_claim_kr","alibi_claim_en","alibi_claim_jp","visible_trace_kr","visible_trace_en","visible_trace_jp","success_text_kr","success_text_en","success_text_jp","storylet_id","storylet_type","route_type","target_area_type","target_object_type","required_output_item_id","recipe_id","clue_tags","final_tags","case_group","stat_check","stat_threshold","claim_policy","reward_kind","risk_level","location_hint_text_id","trace_text_id","contested_text_id","is_victory_storylet"
"3001","0","RECORD-PREP-POSTIT","1","30","7","701000060","[]","[]","[]","false","301","0","0","[]","","포스트잇 뭉치 확보","RECORD-PREP-POSTIT","RECORD-PREP-POSTIT","","","","","","","사물함 안쪽에서 이름이 반복해 적힌 포스트잇 뭉치를 꺼냈습니다.","사물함 안쪽에서 이름이 반복해 적힌 포스트잇 뭉치를 꺼냈습니다.","사물함 안쪽에서 이름이 반복해 적힌 포스트잇 뭉치를 꺼냈습니다.","","none","none","30","7","0","0","[]","[]","record","","0","none","output_item","0","0","0","0","false"
"3002","0","RECORD-PREP-NOTE","1","22","6","701000065","[]","[]","[]","false","302","0","0","[]","","필기용 노트 확보","RECORD-PREP-NOTE","RECORD-PREP-NOTE","","","","","","","도서관 책장 사이에 끼어 있던 필기용 노트를 찾았습니다.","도서관 책장 사이에 끼어 있던 필기용 노트를 찾았습니다.","도서관 책장 사이에 끼어 있던 필기용 노트를 찾았습니다.","","none","none","22","6","0","0","[]","[]","record","","0","none","output_item","0","0","0","0","false"
"3003","0","RECORD-PREP-POWER","1","20","5","701000050","[]","[]","[]","false","303","0","0","[]","","보조 배터리 확보","RECORD-PREP-POWER","RECORD-PREP-POWER","","","","","","","학생용 책상 아래에서 아직 충전이 남은 보조 배터리를 주웠습니다.","학생용 책상 아래에서 아직 충전이 남은 보조 배터리를 주웠습니다.","학생용 책상 아래에서 아직 충전이 남은 보조 배터리를 주웠습니다.","","none","none","20","5","0","0","[]","[]","record","","0","none","output_item","0","0","0","0","false"
"3004","0","RECORD-PREP-DRAINED","1","42","9","701000076","[]","[]","[]","false","304","0","0","[]","","방전된 기록 장치 확보","RECORD-PREP-DRAINED","RECORD-PREP-DRAINED","","","","","","","방송실 기록 장치 옆에서 전원이 꺼진 기록 장치를 챙겼습니다.","방송실 기록 장치 옆에서 전원이 꺼진 기록 장치를 챙겼습니다.","방송실 기록 장치 옆에서 전원이 꺼진 기록 장치를 챙겼습니다.","","none","none","42","9","0","0","[]","[]","record","","0","none","output_item","0","0","0","0","false"
"3005","0","RECORD-PREP-ATTENDANCE-FRAGMENT","1","30","2","701000054","[]","[]","[]","false","308","0","0","[]","","출석부 조각 확보","RECORD-PREP-ATTENDANCE-FRAGMENT","RECORD-PREP-ATTENDANCE-FRAGMENT","","","","","","","교탁 서랍 아래에서 뜯겨 나간 출석부 조각을 발견했습니다.","교탁 서랍 아래에서 뜯겨 나간 출석부 조각을 발견했습니다.","교탁 서랍 아래에서 뜯겨 나간 출석부 조각을 발견했습니다.","","none","none","30","2","0","0","[]","[]","record","","0","none","output_item","0","0","0","0","false"
"3006","0","RECORD-PREP-ATTENDANCE-MARK","1","20","5","701000050","[]","[]","[]","false","309","0","0","[]","","지워지지 않는 표시 확보","RECORD-PREP-ATTENDANCE-MARK","RECORD-PREP-ATTENDANCE-MARK","","","","","","","1학년 1반 책상 위에서 지워도 다시 떠오르는 표시를 확인했습니다.","1학년 1반 책상 위에서 지워도 다시 떠오르는 표시를 확인했습니다.","1학년 1반 책상 위에서 지워도 다시 떠오르는 표시를 확인했습니다.","","none","none","20","5","0","0","[]","[]","record","","0","none","output_item","0","0","0","0","false"
"3007","0","RECORD-PREP-CABINET-KEY","1","10","4","701000068","[]","[]","[]","false","310","0","0","[]","","보관함 열쇠 확보","RECORD-PREP-CABINET-KEY","RECORD-PREP-CABINET-KEY","","","","","","","행정실 책상 아래에서 번호가 긁힌 보관함 열쇠를 찾았습니다.","행정실 책상 아래에서 번호가 긁힌 보관함 열쇠를 찾았습니다.","행정실 책상 아래에서 번호가 긁힌 보관함 열쇠를 찾았습니다.","","none","none","10","4","0","0","[]","[]","record","","0","none","output_item","0","0","0","0","false"
"3008","0","RECORD-PREP-CONFISCATED-ENVELOPE","1","10","12","701000079","[]","[]","[]","false","311","0","0","[]","","압수품 봉투 확보","RECORD-PREP-CONFISCATED-ENVELOPE","RECORD-PREP-CONFISCATED-ENVELOPE","","","","","","","회의록 보관함 뒤편에서 돌려주지 못한 압수품 봉투를 꺼냈습니다.","회의록 보관함 뒤편에서 돌려주지 못한 압수품 봉투를 꺼냈습니다.","회의록 보관함 뒤편에서 돌려주지 못한 압수품 봉투를 꺼냈습니다.","","none","none","10","12","0","0","[]","[]","record","","0","none","output_item","0","0","0","0","false"
"3009","0","RECORD-PREP-ROLLCALL-LIST","1","2","0","0","[]","[]","[]","false","312","0","0","[]","","조회 명단 조각 확보","RECORD-PREP-ROLLCALL-LIST","RECORD-PREP-ROLLCALL-LIST","","","","","","","운동장 보고 지점 근처에서 찢어진 조회 명단을 주웠습니다.","운동장 보고 지점 근처에서 찢어진 조회 명단을 주웠습니다.","운동장 보고 지점 근처에서 찢어진 조회 명단을 주웠습니다.","","none","none","2","0","0","0","[]","[]","record","","0","none","output_item","0","0","0","0","false"
"3010","0","RECORD-PREP-ROLLCALL-NAME","1","13","0","0","[]","[]","[]","false","313","0","0","[]","","흐린 이름표 확보","RECORD-PREP-ROLLCALL-NAME","RECORD-PREP-ROLLCALL-NAME","","","","","","","강당 바닥의 먼지 속에서 글자가 번진 이름표를 발견했습니다.","강당 바닥의 먼지 속에서 글자가 번진 이름표를 발견했습니다.","강당 바닥의 먼지 속에서 글자가 번진 이름표를 발견했습니다.","","none","none","13","0","0","0","[]","[]","record","","0","none","output_item","0","0","0","0","false"
"4101","0","START-WRITING","2","22","6","0","[305]","[]","[]","false","0","0","0","[4201,4202,4203]","","과거와의 필담","과거와의 필담","과거와의 필담","","","","필담 페이지 위에 오래된 답장이 떠올랐습니다. 글씨는 누군가의 목소리처럼 ▓▓의 이름을 피해 번져 있었습니다.","필담 페이지 위에 오래된 답장이 떠올랐습니다. 글씨는 누군가의 목소리처럼 ▓▓의 이름을 피해 번져 있었습니다.","필담 페이지 위에 오래된 답장이 떠올랐습니다. 글씨는 누군가의 목소리처럼 ▓▓의 이름을 피해 번져 있었습니다.","필담 페이지 위에 오래된 답장이 떠올랐습니다. 글씨는 누군가의 목소리처럼 ▓▓의 이름을 피해 번져 있었습니다.","필담 페이지 위에 오래된 답장이 떠올랐습니다. 글씨는 누군가의 목소리처럼 ▓▓의 이름을 피해 번져 있었습니다.","필담 페이지 위에 오래된 답장이 떠올랐습니다. 글씨는 누군가의 목소리처럼 ▓▓의 이름을 피해 번져 있었습니다.","STORY-RECORD-START-WRITING","discovery","none","22","6","305","3001","record|start|writing","start_writing","record","","0","unique","clue_tag","0","0","0","0","false"
"4102","0","START-BROADCAST","2","42","9","0","[306]","[]","[]","false","0","0","0","[4211,4212,4213]","","마지막 방송 기록","마지막 방송 기록","마지막 방송 기록","","","","복원된 기록 장치가 마지막 방송의 빈 시간을 되감았습니다. ▓▓의 이름이 호출되기 직전, 교내 스피커가 한 번 숨을 삼켰습니다.","복원된 기록 장치가 마지막 방송의 빈 시간을 되감았습니다. ▓▓의 이름이 호출되기 직전, 교내 스피커가 한 번 숨을 삼켰습니다.","복원된 기록 장치가 마지막 방송의 빈 시간을 되감았습니다. ▓▓의 이름이 호출되기 직전, 교내 스피커가 한 번 숨을 삼켰습니다.","복원된 기록 장치가 마지막 방송의 빈 시간을 되감았습니다. ▓▓의 이름이 호출되기 직전, 교내 스피커가 한 번 숨을 삼켰습니다.","복원된 기록 장치가 마지막 방송의 빈 시간을 되감았습니다. ▓▓의 이름이 호출되기 직전, 교내 스피커가 한 번 숨을 삼켰습니다.","복원된 기록 장치가 마지막 방송의 빈 시간을 되감았습니다. ▓▓의 이름이 호출되기 직전, 교내 스피커가 한 번 숨을 삼켰습니다.","STORY-RECORD-START-BROADCAST","discovery","none","42","9","306","3002","record|start|broadcast","start_broadcast","record","","0","unique","clue_tag","0","0","0","0","false"
"4103","0","START-ATTENDANCE","2","30","2","0","[315]","[]","[]","false","0","0","0","[4221,4222,4223]","","지워지지 않는 출석 표시","지워지지 않는 출석 표시","지워지지 않는 출석 표시","","","","출석 표시지의 검은 점이 다시 떠올랐습니다. ▓▓의 이름 옆에 남은 표시는 결석도 출석도 아니었습니다.","출석 표시지의 검은 점이 다시 떠올랐습니다. ▓▓의 이름 옆에 남은 표시는 결석도 출석도 아니었습니다.","출석 표시지의 검은 점이 다시 떠올랐습니다. ▓▓의 이름 옆에 남은 표시는 결석도 출석도 아니었습니다.","출석 표시지의 검은 점이 다시 떠올랐습니다. ▓▓의 이름 옆에 남은 표시는 결석도 출석도 아니었습니다.","출석 표시지의 검은 점이 다시 떠올랐습니다. ▓▓의 이름 옆에 남은 표시는 결석도 출석도 아니었습니다.","출석 표시지의 검은 점이 다시 떠올랐습니다. ▓▓의 이름 옆에 남은 표시는 결석도 출석도 아니었습니다.","STORY-RECORD-START-ATTENDANCE","discovery","none","30","2","315","3003","record|start|attendance","start_attendance","record","","0","unique","clue_tag","0","0","0","0","false"
"4104","0","START-CONFISCATED","2","10","12","0","[316]","[]","[]","false","0","0","0","[4231,4232,4233]","","압수품 보관 기록","압수품 보관 기록","압수품 보관 기록","","","","압수품 보관 기록의 접수란이 열렸습니다. ▓▓에게 돌려주지 못한 물건만 날짜 없이 남아 있었습니다.","압수품 보관 기록의 접수란이 열렸습니다. ▓▓에게 돌려주지 못한 물건만 날짜 없이 남아 있었습니다.","압수품 보관 기록의 접수란이 열렸습니다. ▓▓에게 돌려주지 못한 물건만 날짜 없이 남아 있었습니다.","압수품 보관 기록의 접수란이 열렸습니다. ▓▓에게 돌려주지 못한 물건만 날짜 없이 남아 있었습니다.","압수품 보관 기록의 접수란이 열렸습니다. ▓▓에게 돌려주지 못한 물건만 날짜 없이 남아 있었습니다.","압수품 보관 기록의 접수란이 열렸습니다. ▓▓에게 돌려주지 못한 물건만 날짜 없이 남아 있었습니다.","STORY-RECORD-START-CONFISCATED","discovery","none","10","12","316","3004","record|start|confiscated","start_confiscated","record","","0","unique","clue_tag","0","0","0","0","false"
"4105","0","START-ROLLCALL","2","2","0","0","[317]","[]","[]","false","0","0","0","[4241,4242,4243]","","조회 명단의 빈칸","조회 명단의 빈칸","조회 명단의 빈칸","","","","조회 명단의 빈칸이 한 줄씩 맞춰졌습니다. ▓▓의 이름은 불리지 않았지만, 모두가 그 이름이 빠진 자리를 보고 있었습니다.","조회 명단의 빈칸이 한 줄씩 맞춰졌습니다. ▓▓의 이름은 불리지 않았지만, 모두가 그 이름이 빠진 자리를 보고 있었습니다.","조회 명단의 빈칸이 한 줄씩 맞춰졌습니다. ▓▓의 이름은 불리지 않았지만, 모두가 그 이름이 빠진 자리를 보고 있었습니다.","조회 명단의 빈칸이 한 줄씩 맞춰졌습니다. ▓▓의 이름은 불리지 않았지만, 모두가 그 이름이 빠진 자리를 보고 있었습니다.","조회 명단의 빈칸이 한 줄씩 맞춰졌습니다. ▓▓의 이름은 불리지 않았지만, 모두가 그 이름이 빠진 자리를 보고 있었습니다.","조회 명단의 빈칸이 한 줄씩 맞춰졌습니다. ▓▓의 이름은 불리지 않았지만, 모두가 그 이름이 빠진 자리를 보고 있었습니다.","STORY-RECORD-START-ROLLCALL","discovery","none","2","0","317","3005","record|start|rollcall","start_rollcall","record","","0","unique","clue_tag","0","0","0","0","false"
"4201","0","CLUE-WRITING-BROADCAST","2","42","8","0","[]","[]","[4101]","false","0","0","0","[4301]","","방송실 단서 확인","방송실 단서 확인","방송실 단서 확인","","","","▓▓의 이름이 방송실에서 불린 날, 그 아이는 하루 종일 스피커 아래를 지나지 못했습니다.","▓▓의 이름이 방송실에서 불린 날, 그 아이는 하루 종일 스피커 아래를 지나지 못했습니다.","▓▓의 이름이 방송실에서 불린 날, 그 아이는 하루 종일 스피커 아래를 지나지 못했습니다.","▓▓의 이름이 방송실에서 불린 날, 그 아이는 하루 종일 스피커 아래를 지나지 못했습니다.","▓▓의 이름이 방송실에서 불린 날, 그 아이는 하루 종일 스피커 아래를 지나지 못했습니다.","▓▓의 이름이 방송실에서 불린 날, 그 아이는 하루 종일 스피커 아래를 지나지 못했습니다.","STORY-RECORD-CLUE-WRITING-BROADCAST","route","info","42","8","0","0","record|clue|writing|broadcast","clue_writing_broadcast","record","","0","unique","clue_tag","1","0","0","0","false"
"4301","0","COMBO-WRITING-BROADCAST","2","42","8","0","[]","[]","[4101,4201]","false","0","0","0","[4401]","","맞물린 기록 확인","맞물린 기록 확인","맞물린 기록 확인","","","","첫 기록과 방송 시각이 맞물렸습니다. 이름은 호출이 아니라 반응을 기다리는 장치였습니다.","첫 기록과 방송 시각이 맞물렸습니다. 이름은 호출이 아니라 반응을 기다리는 장치였습니다.","첫 기록과 방송 시각이 맞물렸습니다. 이름은 호출이 아니라 반응을 기다리는 장치였습니다.","첫 기록과 방송 시각이 맞물렸습니다. 이름은 호출이 아니라 반응을 기다리는 장치였습니다.","첫 기록과 방송 시각이 맞물렸습니다. 이름은 호출이 아니라 반응을 기다리는 장치였습니다.","첫 기록과 방송 시각이 맞물렸습니다. 이름은 호출이 아니라 반응을 기다리는 장치였습니다.","STORY-RECORD-COMBO-WRITING-BROADCAST","route","info","42","8","0","0","record|combo|writing|broadcast","combo_writing_broadcast","record","","0","unique","clue_tag","1","0","0","0","false"
"4401","0","CONTRADICTION-WRITING-BROADCAST","2","22","5","0","[]","[]","[4301]","false","0","0","0","[4501]","","어긋난 기록 확인","어긋난 기록 확인","어긋난 기록 확인","","","","기록은 한 번 더 어긋났습니다. 방송이 끊긴 뒤에도 ▓▓의 이름은 목록에서 내려가지 않았습니다.","기록은 한 번 더 어긋났습니다. 방송이 끊긴 뒤에도 ▓▓의 이름은 목록에서 내려가지 않았습니다.","기록은 한 번 더 어긋났습니다. 방송이 끊긴 뒤에도 ▓▓의 이름은 목록에서 내려가지 않았습니다.","기록은 한 번 더 어긋났습니다. 방송이 끊긴 뒤에도 ▓▓의 이름은 목록에서 내려가지 않았습니다.","기록은 한 번 더 어긋났습니다. 방송이 끊긴 뒤에도 ▓▓의 이름은 목록에서 내려가지 않았습니다.","기록은 한 번 더 어긋났습니다. 방송이 끊긴 뒤에도 ▓▓의 이름은 목록에서 내려가지 않았습니다.","STORY-RECORD-CONTRADICTION-WRITING-BROADCAST","route","info","22","5","0","0","record|contradiction|writing|broadcast","contradiction_writing_broadcast","record","","0","unique","clue_tag","1","0","0","0","false"
"4501","0","CROSSCHECK-WRITING-BROADCAST","2","42","9","0","[]","[]","[4401]","false","0","0","0","[4601]","","대조 기록 확인","대조 기록 확인","대조 기록 확인","","","","다른 기록과 대조하자, 이름이 불린 시각마다 누군가가 같은 장소에 멈춰 있었습니다.","다른 기록과 대조하자, 이름이 불린 시각마다 누군가가 같은 장소에 멈춰 있었습니다.","다른 기록과 대조하자, 이름이 불린 시각마다 누군가가 같은 장소에 멈춰 있었습니다.","다른 기록과 대조하자, 이름이 불린 시각마다 누군가가 같은 장소에 멈춰 있었습니다.","다른 기록과 대조하자, 이름이 불린 시각마다 누군가가 같은 장소에 멈춰 있었습니다.","다른 기록과 대조하자, 이름이 불린 시각마다 누군가가 같은 장소에 멈춰 있었습니다.","STORY-RECORD-CROSSCHECK-WRITING-BROADCAST","route","info","42","9","0","0","record|crosscheck|writing|broadcast","crosscheck_writing_broadcast","record","","0","unique","clue_tag","1","0","0","0","false"
"4601","0","RESTORE-WRITING-BROADCAST","2","22","5","0","[]","[]","[4501]","false","0","0","0","[4701]","","빈칸 복원","빈칸 복원","빈칸 복원","","","","빈칸은 목소리가 아니라 순서였습니다. 누가 먼저 ▓▓의 이름에 반응했는지 복원했습니다.","빈칸은 목소리가 아니라 순서였습니다. 누가 먼저 ▓▓의 이름에 반응했는지 복원했습니다.","빈칸은 목소리가 아니라 순서였습니다. 누가 먼저 ▓▓의 이름에 반응했는지 복원했습니다.","빈칸은 목소리가 아니라 순서였습니다. 누가 먼저 ▓▓의 이름에 반응했는지 복원했습니다.","빈칸은 목소리가 아니라 순서였습니다. 누가 먼저 ▓▓의 이름에 반응했는지 복원했습니다.","빈칸은 목소리가 아니라 순서였습니다. 누가 먼저 ▓▓의 이름에 반응했는지 복원했습니다.","STORY-RECORD-RESTORE-WRITING-BROADCAST","route","info","22","5","0","0","record|restore|writing|broadcast","restore_writing_broadcast","record","","0","unique","clue_tag","1","0","0","0","false"
"4701","0","VICTORY-WRITING-BROADCAST","2","2","0","0","[]","[]","[4601]","false","0","0","0","[]","final_report","마지막 기록 제출","마지막 기록 제출","마지막 기록 제출","","","","마지막 기록을 제출했습니다. 방송은 이름을 부르지 않았고, 누가 반응하는지 기다리고 있었습니다.","마지막 기록을 제출했습니다. 방송은 이름을 부르지 않았고, 누가 반응하는지 기다리고 있었습니다.","마지막 기록을 제출했습니다. 방송은 이름을 부르지 않았고, 누가 반응하는지 기다리고 있었습니다.","마지막 기록을 제출했습니다. 방송은 이름을 부르지 않았고, 누가 반응하는지 기다리고 있었습니다.","마지막 기록을 제출했습니다. 방송은 이름을 부르지 않았고, 누가 반응하는지 기다리고 있었습니다.","마지막 기록을 제출했습니다. 방송은 이름을 부르지 않았고, 누가 반응하는지 기다리고 있었습니다.","STORY-RECORD-VICTORY-WRITING-BROADCAST","victory","info","2","0","0","0","record|victory|writing|broadcast","victory_writing_broadcast","record","","0","unique","mixed","1","0","0","0","true"
"4202","0","CLUE-WRITING-ATTENDANCE","2","30","2","0","[]","[]","[4101]","false","0","0","0","[4302]","","출석 표시 단서 확인","출석 표시 단서 확인","출석 표시 단서 확인","","","","1학년 1반 출석부에는 ▓▓의 이름 옆에 지워지지 않는 표시가 남아 있습니다.","1학년 1반 출석부에는 ▓▓의 이름 옆에 지워지지 않는 표시가 남아 있습니다.","1학년 1반 출석부에는 ▓▓의 이름 옆에 지워지지 않는 표시가 남아 있습니다.","1학년 1반 출석부에는 ▓▓의 이름 옆에 지워지지 않는 표시가 남아 있습니다.","1학년 1반 출석부에는 ▓▓의 이름 옆에 지워지지 않는 표시가 남아 있습니다.","1학년 1반 출석부에는 ▓▓의 이름 옆에 지워지지 않는 표시가 남아 있습니다.","STORY-RECORD-CLUE-WRITING-ATTENDANCE","route","safe","30","2","0","0","record|clue|writing|attendance","clue_writing_attendance","record","","0","unique","clue_tag","2","0","0","0","false"
"4302","0","COMBO-WRITING-ATTENDANCE","2","30","2","0","[]","[]","[4101,4202]","false","0","0","0","[4402]","","맞물린 기록 확인","맞물린 기록 확인","맞물린 기록 확인","","","","첫 기록과 출석 표시가 같은 방향으로 번졌습니다. 표시는 결석이 아니라 시선의 횟수였습니다.","첫 기록과 출석 표시가 같은 방향으로 번졌습니다. 표시는 결석이 아니라 시선의 횟수였습니다.","첫 기록과 출석 표시가 같은 방향으로 번졌습니다. 표시는 결석이 아니라 시선의 횟수였습니다.","첫 기록과 출석 표시가 같은 방향으로 번졌습니다. 표시는 결석이 아니라 시선의 횟수였습니다.","첫 기록과 출석 표시가 같은 방향으로 번졌습니다. 표시는 결석이 아니라 시선의 횟수였습니다.","첫 기록과 출석 표시가 같은 방향으로 번졌습니다. 표시는 결석이 아니라 시선의 횟수였습니다.","STORY-RECORD-COMBO-WRITING-ATTENDANCE","route","safe","30","2","0","0","record|combo|writing|attendance","combo_writing_attendance","record","","0","unique","clue_tag","2","0","0","0","false"
"4402","0","CONTRADICTION-WRITING-ATTENDANCE","2","22","5","0","[]","[]","[4302]","false","0","0","0","[4502]","","어긋난 기록 확인","어긋난 기록 확인","어긋난 기록 확인","","","","출석부의 표시가 사라지지 않았습니다. 지운 자리에 같은 표시가 한 번 더 떠올랐습니다.","출석부의 표시가 사라지지 않았습니다. 지운 자리에 같은 표시가 한 번 더 떠올랐습니다.","출석부의 표시가 사라지지 않았습니다. 지운 자리에 같은 표시가 한 번 더 떠올랐습니다.","출석부의 표시가 사라지지 않았습니다. 지운 자리에 같은 표시가 한 번 더 떠올랐습니다.","출석부의 표시가 사라지지 않았습니다. 지운 자리에 같은 표시가 한 번 더 떠올랐습니다.","출석부의 표시가 사라지지 않았습니다. 지운 자리에 같은 표시가 한 번 더 떠올랐습니다.","STORY-RECORD-CONTRADICTION-WRITING-ATTENDANCE","route","safe","22","5","0","0","record|contradiction|writing|attendance","contradiction_writing_attendance","record","","0","unique","clue_tag","2","0","0","0","false"
"4502","0","CROSSCHECK-WRITING-ATTENDANCE","2","20","5","0","[]","[]","[4402]","false","0","0","0","[4602]","","대조 기록 확인","대조 기록 확인","대조 기록 확인","","","","다른 기록과 대조하자, 출석 표시가 생긴 날마다 한 자리가 비어 있었습니다.","다른 기록과 대조하자, 출석 표시가 생긴 날마다 한 자리가 비어 있었습니다.","다른 기록과 대조하자, 출석 표시가 생긴 날마다 한 자리가 비어 있었습니다.","다른 기록과 대조하자, 출석 표시가 생긴 날마다 한 자리가 비어 있었습니다.","다른 기록과 대조하자, 출석 표시가 생긴 날마다 한 자리가 비어 있었습니다.","다른 기록과 대조하자, 출석 표시가 생긴 날마다 한 자리가 비어 있었습니다.","STORY-RECORD-CROSSCHECK-WRITING-ATTENDANCE","route","safe","20","5","0","0","record|crosscheck|writing|attendance","crosscheck_writing_attendance","record","","0","unique","clue_tag","2","0","0","0","false"
"4602","0","RESTORE-WRITING-ATTENDANCE","2","22","5","0","[]","[]","[4502]","false","0","0","0","[4702]","","빈칸 복원","빈칸 복원","빈칸 복원","","","","빈칸은 이름이 아니라 표시였습니다. 누가 끝까지 ▓▓을 의식했는지 복원했습니다.","빈칸은 이름이 아니라 표시였습니다. 누가 끝까지 ▓▓을 의식했는지 복원했습니다.","빈칸은 이름이 아니라 표시였습니다. 누가 끝까지 ▓▓을 의식했는지 복원했습니다.","빈칸은 이름이 아니라 표시였습니다. 누가 끝까지 ▓▓을 의식했는지 복원했습니다.","빈칸은 이름이 아니라 표시였습니다. 누가 끝까지 ▓▓을 의식했는지 복원했습니다.","빈칸은 이름이 아니라 표시였습니다. 누가 끝까지 ▓▓을 의식했는지 복원했습니다.","STORY-RECORD-RESTORE-WRITING-ATTENDANCE","route","safe","22","5","0","0","record|restore|writing|attendance","restore_writing_attendance","record","","0","unique","clue_tag","2","0","0","0","false"
"4702","0","VICTORY-WRITING-ATTENDANCE","2","2","0","0","[]","[]","[4602]","false","0","0","0","[]","final_report","마지막 기록 제출","마지막 기록 제출","마지막 기록 제출","","","","마지막 기록을 제출했습니다. 출석부는 출석이 아니라 끝까지 들키지 않은 관계를 세고 있었습니다.","마지막 기록을 제출했습니다. 출석부는 출석이 아니라 끝까지 들키지 않은 관계를 세고 있었습니다.","마지막 기록을 제출했습니다. 출석부는 출석이 아니라 끝까지 들키지 않은 관계를 세고 있었습니다.","마지막 기록을 제출했습니다. 출석부는 출석이 아니라 끝까지 들키지 않은 관계를 세고 있었습니다.","마지막 기록을 제출했습니다. 출석부는 출석이 아니라 끝까지 들키지 않은 관계를 세고 있었습니다.","마지막 기록을 제출했습니다. 출석부는 출석이 아니라 끝까지 들키지 않은 관계를 세고 있었습니다.","STORY-RECORD-VICTORY-WRITING-ATTENDANCE","victory","safe","2","0","0","0","record|victory|writing|attendance","victory_writing_attendance","record","","0","unique","mixed","2","0","0","0","true"
"4203","0","CLUE-WRITING-CONFISCATED","2","10","12","0","[]","[]","[4101]","false","0","0","0","[4303]","","압수품 보관 단서 확인","압수품 보관 단서 확인","압수품 보관 단서 확인","","","","행정실 압수품 보관함에는 ▓▓이 끝내 돌려받지 못한 물건이 있습니다.","행정실 압수품 보관함에는 ▓▓이 끝내 돌려받지 못한 물건이 있습니다.","행정실 압수품 보관함에는 ▓▓이 끝내 돌려받지 못한 물건이 있습니다.","행정실 압수품 보관함에는 ▓▓이 끝내 돌려받지 못한 물건이 있습니다.","행정실 압수품 보관함에는 ▓▓이 끝내 돌려받지 못한 물건이 있습니다.","행정실 압수품 보관함에는 ▓▓이 끝내 돌려받지 못한 물건이 있습니다.","STORY-RECORD-CLUE-WRITING-CONFISCATED","route","risk_high_reward","10","12","0","0","record|clue|writing|confiscated","clue_writing_confiscated","record","","0","unique","clue_tag","3","0","0","0","false"
"4303","0","COMBO-WRITING-CONFISCATED","2","10","12","0","[]","[]","[4101,4203]","false","0","0","0","[4403]","","맞물린 기록 확인","맞물린 기록 확인","맞물린 기록 확인","","","","첫 기록과 보관 봉투의 번호가 맞았습니다. 물건은 잃어버린 것이 아니라 돌려주지 못한 답장이었습니다.","첫 기록과 보관 봉투의 번호가 맞았습니다. 물건은 잃어버린 것이 아니라 돌려주지 못한 답장이었습니다.","첫 기록과 보관 봉투의 번호가 맞았습니다. 물건은 잃어버린 것이 아니라 돌려주지 못한 답장이었습니다.","첫 기록과 보관 봉투의 번호가 맞았습니다. 물건은 잃어버린 것이 아니라 돌려주지 못한 답장이었습니다.","첫 기록과 보관 봉투의 번호가 맞았습니다. 물건은 잃어버린 것이 아니라 돌려주지 못한 답장이었습니다.","첫 기록과 보관 봉투의 번호가 맞았습니다. 물건은 잃어버린 것이 아니라 돌려주지 못한 답장이었습니다.","STORY-RECORD-COMBO-WRITING-CONFISCATED","route","risk_high_reward","10","12","0","0","record|combo|writing|confiscated","combo_writing_confiscated","record","","0","unique","clue_tag","3","0","0","0","false"
"4403","0","CONTRADICTION-WRITING-CONFISCATED","2","22","5","0","[]","[]","[4303]","false","0","0","0","[4503]","","어긋난 기록 확인","어긋난 기록 확인","어긋난 기록 확인","","","","보관함 접수 시간이 비어 있었습니다. 물건보다 먼저 기록된 것은 ▓▓의 이름이었습니다.","보관함 접수 시간이 비어 있었습니다. 물건보다 먼저 기록된 것은 ▓▓의 이름이었습니다.","보관함 접수 시간이 비어 있었습니다. 물건보다 먼저 기록된 것은 ▓▓의 이름이었습니다.","보관함 접수 시간이 비어 있었습니다. 물건보다 먼저 기록된 것은 ▓▓의 이름이었습니다.","보관함 접수 시간이 비어 있었습니다. 물건보다 먼저 기록된 것은 ▓▓의 이름이었습니다.","보관함 접수 시간이 비어 있었습니다. 물건보다 먼저 기록된 것은 ▓▓의 이름이었습니다.","STORY-RECORD-CONTRADICTION-WRITING-CONFISCATED","route","risk_high_reward","22","5","0","0","record|contradiction|writing|confiscated","contradiction_writing_confiscated","record","","0","unique","clue_tag","3","0","0","0","false"
"4503","0","CROSSCHECK-WRITING-CONFISCATED","2","10","12","0","[]","[]","[4403]","false","0","0","0","[4603]","","대조 기록 확인","대조 기록 확인","대조 기록 확인","","","","다른 기록과 대조하자, 보관함이 열린 날마다 돌려받지 못한 물건이 하나씩 늘었습니다.","다른 기록과 대조하자, 보관함이 열린 날마다 돌려받지 못한 물건이 하나씩 늘었습니다.","다른 기록과 대조하자, 보관함이 열린 날마다 돌려받지 못한 물건이 하나씩 늘었습니다.","다른 기록과 대조하자, 보관함이 열린 날마다 돌려받지 못한 물건이 하나씩 늘었습니다.","다른 기록과 대조하자, 보관함이 열린 날마다 돌려받지 못한 물건이 하나씩 늘었습니다.","다른 기록과 대조하자, 보관함이 열린 날마다 돌려받지 못한 물건이 하나씩 늘었습니다.","STORY-RECORD-CROSSCHECK-WRITING-CONFISCATED","route","risk_high_reward","10","12","0","0","record|crosscheck|writing|confiscated","crosscheck_writing_confiscated","record","","0","unique","clue_tag","3","0","0","0","false"
"4603","0","RESTORE-WRITING-CONFISCATED","2","22","5","0","[]","[]","[4503]","false","0","0","0","[4703]","","빈칸 복원","빈칸 복원","빈칸 복원","","","","빈칸은 물건이 아니라 주인이었습니다. 누가 ▓▓에게 돌려주지 못했는지 복원했습니다.","빈칸은 물건이 아니라 주인이었습니다. 누가 ▓▓에게 돌려주지 못했는지 복원했습니다.","빈칸은 물건이 아니라 주인이었습니다. 누가 ▓▓에게 돌려주지 못했는지 복원했습니다.","빈칸은 물건이 아니라 주인이었습니다. 누가 ▓▓에게 돌려주지 못했는지 복원했습니다.","빈칸은 물건이 아니라 주인이었습니다. 누가 ▓▓에게 돌려주지 못했는지 복원했습니다.","빈칸은 물건이 아니라 주인이었습니다. 누가 ▓▓에게 돌려주지 못했는지 복원했습니다.","STORY-RECORD-RESTORE-WRITING-CONFISCATED","route","risk_high_reward","22","5","0","0","record|restore|writing|confiscated","restore_writing_confiscated","record","","0","unique","clue_tag","3","0","0","0","false"
"4703","0","VICTORY-WRITING-CONFISCATED","2","2","0","0","[]","[]","[4603]","false","0","0","0","[]","final_report","마지막 기록 제출","마지막 기록 제출","마지막 기록 제출","","","","마지막 기록을 제출했습니다. 보관함은 물건이 아니라 돌려주지 못한 마음을 보관하고 있었습니다.","마지막 기록을 제출했습니다. 보관함은 물건이 아니라 돌려주지 못한 마음을 보관하고 있었습니다.","마지막 기록을 제출했습니다. 보관함은 물건이 아니라 돌려주지 못한 마음을 보관하고 있었습니다.","마지막 기록을 제출했습니다. 보관함은 물건이 아니라 돌려주지 못한 마음을 보관하고 있었습니다.","마지막 기록을 제출했습니다. 보관함은 물건이 아니라 돌려주지 못한 마음을 보관하고 있었습니다.","마지막 기록을 제출했습니다. 보관함은 물건이 아니라 돌려주지 못한 마음을 보관하고 있었습니다.","STORY-RECORD-VICTORY-WRITING-CONFISCATED","victory","risk_high_reward","2","0","0","0","record|victory|writing|confiscated","victory_writing_confiscated","record","","0","unique","mixed","3","0","0","0","true"
"4211","0","CLUE-BROADCAST-BROADCAST","2","42","8","0","[]","[]","[4102]","false","0","0","0","[4311]","","방송실 단서 확인","방송실 단서 확인","방송실 단서 확인","","","","▓▓의 이름이 방송실에서 불린 날, 그 아이는 하루 종일 스피커 아래를 지나지 못했습니다.","▓▓의 이름이 방송실에서 불린 날, 그 아이는 하루 종일 스피커 아래를 지나지 못했습니다.","▓▓의 이름이 방송실에서 불린 날, 그 아이는 하루 종일 스피커 아래를 지나지 못했습니다.","▓▓의 이름이 방송실에서 불린 날, 그 아이는 하루 종일 스피커 아래를 지나지 못했습니다.","▓▓의 이름이 방송실에서 불린 날, 그 아이는 하루 종일 스피커 아래를 지나지 못했습니다.","▓▓의 이름이 방송실에서 불린 날, 그 아이는 하루 종일 스피커 아래를 지나지 못했습니다.","STORY-RECORD-CLUE-BROADCAST-BROADCAST","route","info","42","8","0","0","record|clue|broadcast|broadcast","clue_broadcast_broadcast","record","","0","unique","clue_tag","1","0","0","0","false"
"4311","0","COMBO-BROADCAST-BROADCAST","2","42","8","0","[]","[]","[4102,4211]","false","0","0","0","[4411]","","맞물린 기록 확인","맞물린 기록 확인","맞물린 기록 확인","","","","첫 기록과 방송 시각이 맞물렸습니다. 이름은 호출이 아니라 반응을 기다리는 장치였습니다.","첫 기록과 방송 시각이 맞물렸습니다. 이름은 호출이 아니라 반응을 기다리는 장치였습니다.","첫 기록과 방송 시각이 맞물렸습니다. 이름은 호출이 아니라 반응을 기다리는 장치였습니다.","첫 기록과 방송 시각이 맞물렸습니다. 이름은 호출이 아니라 반응을 기다리는 장치였습니다.","첫 기록과 방송 시각이 맞물렸습니다. 이름은 호출이 아니라 반응을 기다리는 장치였습니다.","첫 기록과 방송 시각이 맞물렸습니다. 이름은 호출이 아니라 반응을 기다리는 장치였습니다.","STORY-RECORD-COMBO-BROADCAST-BROADCAST","route","info","42","8","0","0","record|combo|broadcast|broadcast","combo_broadcast_broadcast","record","","0","unique","clue_tag","1","0","0","0","false"
"4411","0","CONTRADICTION-BROADCAST-BROADCAST","2","22","5","0","[]","[]","[4311]","false","0","0","0","[4511]","","어긋난 기록 확인","어긋난 기록 확인","어긋난 기록 확인","","","","기록은 한 번 더 어긋났습니다. 방송이 끊긴 뒤에도 ▓▓의 이름은 목록에서 내려가지 않았습니다.","기록은 한 번 더 어긋났습니다. 방송이 끊긴 뒤에도 ▓▓의 이름은 목록에서 내려가지 않았습니다.","기록은 한 번 더 어긋났습니다. 방송이 끊긴 뒤에도 ▓▓의 이름은 목록에서 내려가지 않았습니다.","기록은 한 번 더 어긋났습니다. 방송이 끊긴 뒤에도 ▓▓의 이름은 목록에서 내려가지 않았습니다.","기록은 한 번 더 어긋났습니다. 방송이 끊긴 뒤에도 ▓▓의 이름은 목록에서 내려가지 않았습니다.","기록은 한 번 더 어긋났습니다. 방송이 끊긴 뒤에도 ▓▓의 이름은 목록에서 내려가지 않았습니다.","STORY-RECORD-CONTRADICTION-BROADCAST-BROADCAST","route","info","22","5","0","0","record|contradiction|broadcast|broadcast","contradiction_broadcast_broadcast","record","","0","unique","clue_tag","1","0","0","0","false"
"4511","0","CROSSCHECK-BROADCAST-BROADCAST","2","42","9","0","[]","[]","[4411]","false","0","0","0","[4611]","","대조 기록 확인","대조 기록 확인","대조 기록 확인","","","","다른 기록과 대조하자, 이름이 불린 시각마다 누군가가 같은 장소에 멈춰 있었습니다.","다른 기록과 대조하자, 이름이 불린 시각마다 누군가가 같은 장소에 멈춰 있었습니다.","다른 기록과 대조하자, 이름이 불린 시각마다 누군가가 같은 장소에 멈춰 있었습니다.","다른 기록과 대조하자, 이름이 불린 시각마다 누군가가 같은 장소에 멈춰 있었습니다.","다른 기록과 대조하자, 이름이 불린 시각마다 누군가가 같은 장소에 멈춰 있었습니다.","다른 기록과 대조하자, 이름이 불린 시각마다 누군가가 같은 장소에 멈춰 있었습니다.","STORY-RECORD-CROSSCHECK-BROADCAST-BROADCAST","route","info","42","9","0","0","record|crosscheck|broadcast|broadcast","crosscheck_broadcast_broadcast","record","","0","unique","clue_tag","1","0","0","0","false"
"4611","0","RESTORE-BROADCAST-BROADCAST","2","22","5","0","[]","[]","[4511]","false","0","0","0","[4711]","","빈칸 복원","빈칸 복원","빈칸 복원","","","","빈칸은 목소리가 아니라 순서였습니다. 누가 먼저 ▓▓의 이름에 반응했는지 복원했습니다.","빈칸은 목소리가 아니라 순서였습니다. 누가 먼저 ▓▓의 이름에 반응했는지 복원했습니다.","빈칸은 목소리가 아니라 순서였습니다. 누가 먼저 ▓▓의 이름에 반응했는지 복원했습니다.","빈칸은 목소리가 아니라 순서였습니다. 누가 먼저 ▓▓의 이름에 반응했는지 복원했습니다.","빈칸은 목소리가 아니라 순서였습니다. 누가 먼저 ▓▓의 이름에 반응했는지 복원했습니다.","빈칸은 목소리가 아니라 순서였습니다. 누가 먼저 ▓▓의 이름에 반응했는지 복원했습니다.","STORY-RECORD-RESTORE-BROADCAST-BROADCAST","route","info","22","5","0","0","record|restore|broadcast|broadcast","restore_broadcast_broadcast","record","","0","unique","clue_tag","1","0","0","0","false"
"4711","0","VICTORY-BROADCAST-BROADCAST","2","2","0","0","[]","[]","[4611]","false","0","0","0","[]","final_report","마지막 기록 제출","마지막 기록 제출","마지막 기록 제출","","","","마지막 기록을 제출했습니다. 방송은 이름을 부르지 않았고, 누가 반응하는지 기다리고 있었습니다.","마지막 기록을 제출했습니다. 방송은 이름을 부르지 않았고, 누가 반응하는지 기다리고 있었습니다.","마지막 기록을 제출했습니다. 방송은 이름을 부르지 않았고, 누가 반응하는지 기다리고 있었습니다.","마지막 기록을 제출했습니다. 방송은 이름을 부르지 않았고, 누가 반응하는지 기다리고 있었습니다.","마지막 기록을 제출했습니다. 방송은 이름을 부르지 않았고, 누가 반응하는지 기다리고 있었습니다.","마지막 기록을 제출했습니다. 방송은 이름을 부르지 않았고, 누가 반응하는지 기다리고 있었습니다.","STORY-RECORD-VICTORY-BROADCAST-BROADCAST","victory","info","2","0","0","0","record|victory|broadcast|broadcast","victory_broadcast_broadcast","record","","0","unique","mixed","1","0","0","0","true"
"4212","0","CLUE-BROADCAST-ATTENDANCE","2","30","2","0","[]","[]","[4102]","false","0","0","0","[4312]","","출석 표시 단서 확인","출석 표시 단서 확인","출석 표시 단서 확인","","","","1학년 1반 출석부에는 ▓▓의 이름 옆에 지워지지 않는 표시가 남아 있습니다.","1학년 1반 출석부에는 ▓▓의 이름 옆에 지워지지 않는 표시가 남아 있습니다.","1학년 1반 출석부에는 ▓▓의 이름 옆에 지워지지 않는 표시가 남아 있습니다.","1학년 1반 출석부에는 ▓▓의 이름 옆에 지워지지 않는 표시가 남아 있습니다.","1학년 1반 출석부에는 ▓▓의 이름 옆에 지워지지 않는 표시가 남아 있습니다.","1학년 1반 출석부에는 ▓▓의 이름 옆에 지워지지 않는 표시가 남아 있습니다.","STORY-RECORD-CLUE-BROADCAST-ATTENDANCE","route","safe","30","2","0","0","record|clue|broadcast|attendance","clue_broadcast_attendance","record","","0","unique","clue_tag","2","0","0","0","false"
"4312","0","COMBO-BROADCAST-ATTENDANCE","2","30","2","0","[]","[]","[4102,4212]","false","0","0","0","[4412]","","맞물린 기록 확인","맞물린 기록 확인","맞물린 기록 확인","","","","첫 기록과 출석 표시가 같은 방향으로 번졌습니다. 표시는 결석이 아니라 시선의 횟수였습니다.","첫 기록과 출석 표시가 같은 방향으로 번졌습니다. 표시는 결석이 아니라 시선의 횟수였습니다.","첫 기록과 출석 표시가 같은 방향으로 번졌습니다. 표시는 결석이 아니라 시선의 횟수였습니다.","첫 기록과 출석 표시가 같은 방향으로 번졌습니다. 표시는 결석이 아니라 시선의 횟수였습니다.","첫 기록과 출석 표시가 같은 방향으로 번졌습니다. 표시는 결석이 아니라 시선의 횟수였습니다.","첫 기록과 출석 표시가 같은 방향으로 번졌습니다. 표시는 결석이 아니라 시선의 횟수였습니다.","STORY-RECORD-COMBO-BROADCAST-ATTENDANCE","route","safe","30","2","0","0","record|combo|broadcast|attendance","combo_broadcast_attendance","record","","0","unique","clue_tag","2","0","0","0","false"
"4412","0","CONTRADICTION-BROADCAST-ATTENDANCE","2","22","5","0","[]","[]","[4312]","false","0","0","0","[4512]","","어긋난 기록 확인","어긋난 기록 확인","어긋난 기록 확인","","","","출석부의 표시가 사라지지 않았습니다. 지운 자리에 같은 표시가 한 번 더 떠올랐습니다.","출석부의 표시가 사라지지 않았습니다. 지운 자리에 같은 표시가 한 번 더 떠올랐습니다.","출석부의 표시가 사라지지 않았습니다. 지운 자리에 같은 표시가 한 번 더 떠올랐습니다.","출석부의 표시가 사라지지 않았습니다. 지운 자리에 같은 표시가 한 번 더 떠올랐습니다.","출석부의 표시가 사라지지 않았습니다. 지운 자리에 같은 표시가 한 번 더 떠올랐습니다.","출석부의 표시가 사라지지 않았습니다. 지운 자리에 같은 표시가 한 번 더 떠올랐습니다.","STORY-RECORD-CONTRADICTION-BROADCAST-ATTENDANCE","route","safe","22","5","0","0","record|contradiction|broadcast|attendance","contradiction_broadcast_attendance","record","","0","unique","clue_tag","2","0","0","0","false"
"4512","0","CROSSCHECK-BROADCAST-ATTENDANCE","2","20","5","0","[]","[]","[4412]","false","0","0","0","[4612]","","대조 기록 확인","대조 기록 확인","대조 기록 확인","","","","다른 기록과 대조하자, 출석 표시가 생긴 날마다 한 자리가 비어 있었습니다.","다른 기록과 대조하자, 출석 표시가 생긴 날마다 한 자리가 비어 있었습니다.","다른 기록과 대조하자, 출석 표시가 생긴 날마다 한 자리가 비어 있었습니다.","다른 기록과 대조하자, 출석 표시가 생긴 날마다 한 자리가 비어 있었습니다.","다른 기록과 대조하자, 출석 표시가 생긴 날마다 한 자리가 비어 있었습니다.","다른 기록과 대조하자, 출석 표시가 생긴 날마다 한 자리가 비어 있었습니다.","STORY-RECORD-CROSSCHECK-BROADCAST-ATTENDANCE","route","safe","20","5","0","0","record|crosscheck|broadcast|attendance","crosscheck_broadcast_attendance","record","","0","unique","clue_tag","2","0","0","0","false"
"4612","0","RESTORE-BROADCAST-ATTENDANCE","2","22","5","0","[]","[]","[4512]","false","0","0","0","[4712]","","빈칸 복원","빈칸 복원","빈칸 복원","","","","빈칸은 이름이 아니라 표시였습니다. 누가 끝까지 ▓▓을 의식했는지 복원했습니다.","빈칸은 이름이 아니라 표시였습니다. 누가 끝까지 ▓▓을 의식했는지 복원했습니다.","빈칸은 이름이 아니라 표시였습니다. 누가 끝까지 ▓▓을 의식했는지 복원했습니다.","빈칸은 이름이 아니라 표시였습니다. 누가 끝까지 ▓▓을 의식했는지 복원했습니다.","빈칸은 이름이 아니라 표시였습니다. 누가 끝까지 ▓▓을 의식했는지 복원했습니다.","빈칸은 이름이 아니라 표시였습니다. 누가 끝까지 ▓▓을 의식했는지 복원했습니다.","STORY-RECORD-RESTORE-BROADCAST-ATTENDANCE","route","safe","22","5","0","0","record|restore|broadcast|attendance","restore_broadcast_attendance","record","","0","unique","clue_tag","2","0","0","0","false"
"4712","0","VICTORY-BROADCAST-ATTENDANCE","2","2","0","0","[]","[]","[4612]","false","0","0","0","[]","final_report","마지막 기록 제출","마지막 기록 제출","마지막 기록 제출","","","","마지막 기록을 제출했습니다. 출석부는 출석이 아니라 끝까지 들키지 않은 관계를 세고 있었습니다.","마지막 기록을 제출했습니다. 출석부는 출석이 아니라 끝까지 들키지 않은 관계를 세고 있었습니다.","마지막 기록을 제출했습니다. 출석부는 출석이 아니라 끝까지 들키지 않은 관계를 세고 있었습니다.","마지막 기록을 제출했습니다. 출석부는 출석이 아니라 끝까지 들키지 않은 관계를 세고 있었습니다.","마지막 기록을 제출했습니다. 출석부는 출석이 아니라 끝까지 들키지 않은 관계를 세고 있었습니다.","마지막 기록을 제출했습니다. 출석부는 출석이 아니라 끝까지 들키지 않은 관계를 세고 있었습니다.","STORY-RECORD-VICTORY-BROADCAST-ATTENDANCE","victory","safe","2","0","0","0","record|victory|broadcast|attendance","victory_broadcast_attendance","record","","0","unique","mixed","2","0","0","0","true"
"4213","0","CLUE-BROADCAST-CONFISCATED","2","10","12","0","[]","[]","[4102]","false","0","0","0","[4313]","","압수품 보관 단서 확인","압수품 보관 단서 확인","압수품 보관 단서 확인","","","","행정실 압수품 보관함에는 ▓▓이 끝내 돌려받지 못한 물건이 있습니다.","행정실 압수품 보관함에는 ▓▓이 끝내 돌려받지 못한 물건이 있습니다.","행정실 압수품 보관함에는 ▓▓이 끝내 돌려받지 못한 물건이 있습니다.","행정실 압수품 보관함에는 ▓▓이 끝내 돌려받지 못한 물건이 있습니다.","행정실 압수품 보관함에는 ▓▓이 끝내 돌려받지 못한 물건이 있습니다.","행정실 압수품 보관함에는 ▓▓이 끝내 돌려받지 못한 물건이 있습니다.","STORY-RECORD-CLUE-BROADCAST-CONFISCATED","route","risk_high_reward","10","12","0","0","record|clue|broadcast|confiscated","clue_broadcast_confiscated","record","","0","unique","clue_tag","3","0","0","0","false"
"4313","0","COMBO-BROADCAST-CONFISCATED","2","10","12","0","[]","[]","[4102,4213]","false","0","0","0","[4413]","","맞물린 기록 확인","맞물린 기록 확인","맞물린 기록 확인","","","","첫 기록과 보관 봉투의 번호가 맞았습니다. 물건은 잃어버린 것이 아니라 돌려주지 못한 답장이었습니다.","첫 기록과 보관 봉투의 번호가 맞았습니다. 물건은 잃어버린 것이 아니라 돌려주지 못한 답장이었습니다.","첫 기록과 보관 봉투의 번호가 맞았습니다. 물건은 잃어버린 것이 아니라 돌려주지 못한 답장이었습니다.","첫 기록과 보관 봉투의 번호가 맞았습니다. 물건은 잃어버린 것이 아니라 돌려주지 못한 답장이었습니다.","첫 기록과 보관 봉투의 번호가 맞았습니다. 물건은 잃어버린 것이 아니라 돌려주지 못한 답장이었습니다.","첫 기록과 보관 봉투의 번호가 맞았습니다. 물건은 잃어버린 것이 아니라 돌려주지 못한 답장이었습니다.","STORY-RECORD-COMBO-BROADCAST-CONFISCATED","route","risk_high_reward","10","12","0","0","record|combo|broadcast|confiscated","combo_broadcast_confiscated","record","","0","unique","clue_tag","3","0","0","0","false"
"4413","0","CONTRADICTION-BROADCAST-CONFISCATED","2","22","5","0","[]","[]","[4313]","false","0","0","0","[4513]","","어긋난 기록 확인","어긋난 기록 확인","어긋난 기록 확인","","","","보관함 접수 시간이 비어 있었습니다. 물건보다 먼저 기록된 것은 ▓▓의 이름이었습니다.","보관함 접수 시간이 비어 있었습니다. 물건보다 먼저 기록된 것은 ▓▓의 이름이었습니다.","보관함 접수 시간이 비어 있었습니다. 물건보다 먼저 기록된 것은 ▓▓의 이름이었습니다.","보관함 접수 시간이 비어 있었습니다. 물건보다 먼저 기록된 것은 ▓▓의 이름이었습니다.","보관함 접수 시간이 비어 있었습니다. 물건보다 먼저 기록된 것은 ▓▓의 이름이었습니다.","보관함 접수 시간이 비어 있었습니다. 물건보다 먼저 기록된 것은 ▓▓의 이름이었습니다.","STORY-RECORD-CONTRADICTION-BROADCAST-CONFISCATED","route","risk_high_reward","22","5","0","0","record|contradiction|broadcast|confiscated","contradiction_broadcast_confiscated","record","","0","unique","clue_tag","3","0","0","0","false"
"4513","0","CROSSCHECK-BROADCAST-CONFISCATED","2","10","12","0","[]","[]","[4413]","false","0","0","0","[4613]","","대조 기록 확인","대조 기록 확인","대조 기록 확인","","","","다른 기록과 대조하자, 보관함이 열린 날마다 돌려받지 못한 물건이 하나씩 늘었습니다.","다른 기록과 대조하자, 보관함이 열린 날마다 돌려받지 못한 물건이 하나씩 늘었습니다.","다른 기록과 대조하자, 보관함이 열린 날마다 돌려받지 못한 물건이 하나씩 늘었습니다.","다른 기록과 대조하자, 보관함이 열린 날마다 돌려받지 못한 물건이 하나씩 늘었습니다.","다른 기록과 대조하자, 보관함이 열린 날마다 돌려받지 못한 물건이 하나씩 늘었습니다.","다른 기록과 대조하자, 보관함이 열린 날마다 돌려받지 못한 물건이 하나씩 늘었습니다.","STORY-RECORD-CROSSCHECK-BROADCAST-CONFISCATED","route","risk_high_reward","10","12","0","0","record|crosscheck|broadcast|confiscated","crosscheck_broadcast_confiscated","record","","0","unique","clue_tag","3","0","0","0","false"
"4613","0","RESTORE-BROADCAST-CONFISCATED","2","22","5","0","[]","[]","[4513]","false","0","0","0","[4713]","","빈칸 복원","빈칸 복원","빈칸 복원","","","","빈칸은 물건이 아니라 주인이었습니다. 누가 ▓▓에게 돌려주지 못했는지 복원했습니다.","빈칸은 물건이 아니라 주인이었습니다. 누가 ▓▓에게 돌려주지 못했는지 복원했습니다.","빈칸은 물건이 아니라 주인이었습니다. 누가 ▓▓에게 돌려주지 못했는지 복원했습니다.","빈칸은 물건이 아니라 주인이었습니다. 누가 ▓▓에게 돌려주지 못했는지 복원했습니다.","빈칸은 물건이 아니라 주인이었습니다. 누가 ▓▓에게 돌려주지 못했는지 복원했습니다.","빈칸은 물건이 아니라 주인이었습니다. 누가 ▓▓에게 돌려주지 못했는지 복원했습니다.","STORY-RECORD-RESTORE-BROADCAST-CONFISCATED","route","risk_high_reward","22","5","0","0","record|restore|broadcast|confiscated","restore_broadcast_confiscated","record","","0","unique","clue_tag","3","0","0","0","false"
"4713","0","VICTORY-BROADCAST-CONFISCATED","2","2","0","0","[]","[]","[4613]","false","0","0","0","[]","final_report","마지막 기록 제출","마지막 기록 제출","마지막 기록 제출","","","","마지막 기록을 제출했습니다. 보관함은 물건이 아니라 돌려주지 못한 마음을 보관하고 있었습니다.","마지막 기록을 제출했습니다. 보관함은 물건이 아니라 돌려주지 못한 마음을 보관하고 있었습니다.","마지막 기록을 제출했습니다. 보관함은 물건이 아니라 돌려주지 못한 마음을 보관하고 있었습니다.","마지막 기록을 제출했습니다. 보관함은 물건이 아니라 돌려주지 못한 마음을 보관하고 있었습니다.","마지막 기록을 제출했습니다. 보관함은 물건이 아니라 돌려주지 못한 마음을 보관하고 있었습니다.","마지막 기록을 제출했습니다. 보관함은 물건이 아니라 돌려주지 못한 마음을 보관하고 있었습니다.","STORY-RECORD-VICTORY-BROADCAST-CONFISCATED","victory","risk_high_reward","2","0","0","0","record|victory|broadcast|confiscated","victory_broadcast_confiscated","record","","0","unique","mixed","3","0","0","0","true"
"4221","0","CLUE-ATTENDANCE-BROADCAST","2","42","8","0","[]","[]","[4103]","false","0","0","0","[4321]","","방송실 단서 확인","방송실 단서 확인","방송실 단서 확인","","","","▓▓의 이름이 방송실에서 불린 날, 그 아이는 하루 종일 스피커 아래를 지나지 못했습니다.","▓▓의 이름이 방송실에서 불린 날, 그 아이는 하루 종일 스피커 아래를 지나지 못했습니다.","▓▓의 이름이 방송실에서 불린 날, 그 아이는 하루 종일 스피커 아래를 지나지 못했습니다.","▓▓의 이름이 방송실에서 불린 날, 그 아이는 하루 종일 스피커 아래를 지나지 못했습니다.","▓▓의 이름이 방송실에서 불린 날, 그 아이는 하루 종일 스피커 아래를 지나지 못했습니다.","▓▓의 이름이 방송실에서 불린 날, 그 아이는 하루 종일 스피커 아래를 지나지 못했습니다.","STORY-RECORD-CLUE-ATTENDANCE-BROADCAST","route","info","42","8","0","0","record|clue|attendance|broadcast","clue_attendance_broadcast","record","","0","unique","clue_tag","1","0","0","0","false"
"4321","0","COMBO-ATTENDANCE-BROADCAST","2","42","8","0","[]","[]","[4103,4221]","false","0","0","0","[4421]","","맞물린 기록 확인","맞물린 기록 확인","맞물린 기록 확인","","","","첫 기록과 방송 시각이 맞물렸습니다. 이름은 호출이 아니라 반응을 기다리는 장치였습니다.","첫 기록과 방송 시각이 맞물렸습니다. 이름은 호출이 아니라 반응을 기다리는 장치였습니다.","첫 기록과 방송 시각이 맞물렸습니다. 이름은 호출이 아니라 반응을 기다리는 장치였습니다.","첫 기록과 방송 시각이 맞물렸습니다. 이름은 호출이 아니라 반응을 기다리는 장치였습니다.","첫 기록과 방송 시각이 맞물렸습니다. 이름은 호출이 아니라 반응을 기다리는 장치였습니다.","첫 기록과 방송 시각이 맞물렸습니다. 이름은 호출이 아니라 반응을 기다리는 장치였습니다.","STORY-RECORD-COMBO-ATTENDANCE-BROADCAST","route","info","42","8","0","0","record|combo|attendance|broadcast","combo_attendance_broadcast","record","","0","unique","clue_tag","1","0","0","0","false"
"4421","0","CONTRADICTION-ATTENDANCE-BROADCAST","2","22","5","0","[]","[]","[4321]","false","0","0","0","[4521]","","어긋난 기록 확인","어긋난 기록 확인","어긋난 기록 확인","","","","기록은 한 번 더 어긋났습니다. 방송이 끊긴 뒤에도 ▓▓의 이름은 목록에서 내려가지 않았습니다.","기록은 한 번 더 어긋났습니다. 방송이 끊긴 뒤에도 ▓▓의 이름은 목록에서 내려가지 않았습니다.","기록은 한 번 더 어긋났습니다. 방송이 끊긴 뒤에도 ▓▓의 이름은 목록에서 내려가지 않았습니다.","기록은 한 번 더 어긋났습니다. 방송이 끊긴 뒤에도 ▓▓의 이름은 목록에서 내려가지 않았습니다.","기록은 한 번 더 어긋났습니다. 방송이 끊긴 뒤에도 ▓▓의 이름은 목록에서 내려가지 않았습니다.","기록은 한 번 더 어긋났습니다. 방송이 끊긴 뒤에도 ▓▓의 이름은 목록에서 내려가지 않았습니다.","STORY-RECORD-CONTRADICTION-ATTENDANCE-BROADCAST","route","info","22","5","0","0","record|contradiction|attendance|broadcast","contradiction_attendance_broadcast","record","","0","unique","clue_tag","1","0","0","0","false"
"4521","0","CROSSCHECK-ATTENDANCE-BROADCAST","2","42","9","0","[]","[]","[4421]","false","0","0","0","[4621]","","대조 기록 확인","대조 기록 확인","대조 기록 확인","","","","다른 기록과 대조하자, 이름이 불린 시각마다 누군가가 같은 장소에 멈춰 있었습니다.","다른 기록과 대조하자, 이름이 불린 시각마다 누군가가 같은 장소에 멈춰 있었습니다.","다른 기록과 대조하자, 이름이 불린 시각마다 누군가가 같은 장소에 멈춰 있었습니다.","다른 기록과 대조하자, 이름이 불린 시각마다 누군가가 같은 장소에 멈춰 있었습니다.","다른 기록과 대조하자, 이름이 불린 시각마다 누군가가 같은 장소에 멈춰 있었습니다.","다른 기록과 대조하자, 이름이 불린 시각마다 누군가가 같은 장소에 멈춰 있었습니다.","STORY-RECORD-CROSSCHECK-ATTENDANCE-BROADCAST","route","info","42","9","0","0","record|crosscheck|attendance|broadcast","crosscheck_attendance_broadcast","record","","0","unique","clue_tag","1","0","0","0","false"
"4621","0","RESTORE-ATTENDANCE-BROADCAST","2","22","5","0","[]","[]","[4521]","false","0","0","0","[4721]","","빈칸 복원","빈칸 복원","빈칸 복원","","","","빈칸은 목소리가 아니라 순서였습니다. 누가 먼저 ▓▓의 이름에 반응했는지 복원했습니다.","빈칸은 목소리가 아니라 순서였습니다. 누가 먼저 ▓▓의 이름에 반응했는지 복원했습니다.","빈칸은 목소리가 아니라 순서였습니다. 누가 먼저 ▓▓의 이름에 반응했는지 복원했습니다.","빈칸은 목소리가 아니라 순서였습니다. 누가 먼저 ▓▓의 이름에 반응했는지 복원했습니다.","빈칸은 목소리가 아니라 순서였습니다. 누가 먼저 ▓▓의 이름에 반응했는지 복원했습니다.","빈칸은 목소리가 아니라 순서였습니다. 누가 먼저 ▓▓의 이름에 반응했는지 복원했습니다.","STORY-RECORD-RESTORE-ATTENDANCE-BROADCAST","route","info","22","5","0","0","record|restore|attendance|broadcast","restore_attendance_broadcast","record","","0","unique","clue_tag","1","0","0","0","false"
"4721","0","VICTORY-ATTENDANCE-BROADCAST","2","2","0","0","[]","[]","[4621]","false","0","0","0","[]","final_report","마지막 기록 제출","마지막 기록 제출","마지막 기록 제출","","","","마지막 기록을 제출했습니다. 방송은 이름을 부르지 않았고, 누가 반응하는지 기다리고 있었습니다.","마지막 기록을 제출했습니다. 방송은 이름을 부르지 않았고, 누가 반응하는지 기다리고 있었습니다.","마지막 기록을 제출했습니다. 방송은 이름을 부르지 않았고, 누가 반응하는지 기다리고 있었습니다.","마지막 기록을 제출했습니다. 방송은 이름을 부르지 않았고, 누가 반응하는지 기다리고 있었습니다.","마지막 기록을 제출했습니다. 방송은 이름을 부르지 않았고, 누가 반응하는지 기다리고 있었습니다.","마지막 기록을 제출했습니다. 방송은 이름을 부르지 않았고, 누가 반응하는지 기다리고 있었습니다.","STORY-RECORD-VICTORY-ATTENDANCE-BROADCAST","victory","info","2","0","0","0","record|victory|attendance|broadcast","victory_attendance_broadcast","record","","0","unique","mixed","1","0","0","0","true"
"4222","0","CLUE-ATTENDANCE-ATTENDANCE","2","30","2","0","[]","[]","[4103]","false","0","0","0","[4322]","","출석 표시 단서 확인","출석 표시 단서 확인","출석 표시 단서 확인","","","","1학년 1반 출석부에는 ▓▓의 이름 옆에 지워지지 않는 표시가 남아 있습니다.","1학년 1반 출석부에는 ▓▓의 이름 옆에 지워지지 않는 표시가 남아 있습니다.","1학년 1반 출석부에는 ▓▓의 이름 옆에 지워지지 않는 표시가 남아 있습니다.","1학년 1반 출석부에는 ▓▓의 이름 옆에 지워지지 않는 표시가 남아 있습니다.","1학년 1반 출석부에는 ▓▓의 이름 옆에 지워지지 않는 표시가 남아 있습니다.","1학년 1반 출석부에는 ▓▓의 이름 옆에 지워지지 않는 표시가 남아 있습니다.","STORY-RECORD-CLUE-ATTENDANCE-ATTENDANCE","route","safe","30","2","0","0","record|clue|attendance|attendance","clue_attendance_attendance","record","","0","unique","clue_tag","2","0","0","0","false"
"4322","0","COMBO-ATTENDANCE-ATTENDANCE","2","30","2","0","[]","[]","[4103,4222]","false","0","0","0","[4422]","","맞물린 기록 확인","맞물린 기록 확인","맞물린 기록 확인","","","","첫 기록과 출석 표시가 같은 방향으로 번졌습니다. 표시는 결석이 아니라 시선의 횟수였습니다.","첫 기록과 출석 표시가 같은 방향으로 번졌습니다. 표시는 결석이 아니라 시선의 횟수였습니다.","첫 기록과 출석 표시가 같은 방향으로 번졌습니다. 표시는 결석이 아니라 시선의 횟수였습니다.","첫 기록과 출석 표시가 같은 방향으로 번졌습니다. 표시는 결석이 아니라 시선의 횟수였습니다.","첫 기록과 출석 표시가 같은 방향으로 번졌습니다. 표시는 결석이 아니라 시선의 횟수였습니다.","첫 기록과 출석 표시가 같은 방향으로 번졌습니다. 표시는 결석이 아니라 시선의 횟수였습니다.","STORY-RECORD-COMBO-ATTENDANCE-ATTENDANCE","route","safe","30","2","0","0","record|combo|attendance|attendance","combo_attendance_attendance","record","","0","unique","clue_tag","2","0","0","0","false"
"4422","0","CONTRADICTION-ATTENDANCE-ATTENDANCE","2","22","5","0","[]","[]","[4322]","false","0","0","0","[4522]","","어긋난 기록 확인","어긋난 기록 확인","어긋난 기록 확인","","","","출석부의 표시가 사라지지 않았습니다. 지운 자리에 같은 표시가 한 번 더 떠올랐습니다.","출석부의 표시가 사라지지 않았습니다. 지운 자리에 같은 표시가 한 번 더 떠올랐습니다.","출석부의 표시가 사라지지 않았습니다. 지운 자리에 같은 표시가 한 번 더 떠올랐습니다.","출석부의 표시가 사라지지 않았습니다. 지운 자리에 같은 표시가 한 번 더 떠올랐습니다.","출석부의 표시가 사라지지 않았습니다. 지운 자리에 같은 표시가 한 번 더 떠올랐습니다.","출석부의 표시가 사라지지 않았습니다. 지운 자리에 같은 표시가 한 번 더 떠올랐습니다.","STORY-RECORD-CONTRADICTION-ATTENDANCE-ATTENDANCE","route","safe","22","5","0","0","record|contradiction|attendance|attendance","contradiction_attendance_attendance","record","","0","unique","clue_tag","2","0","0","0","false"
"4522","0","CROSSCHECK-ATTENDANCE-ATTENDANCE","2","20","5","0","[]","[]","[4422]","false","0","0","0","[4622]","","대조 기록 확인","대조 기록 확인","대조 기록 확인","","","","다른 기록과 대조하자, 출석 표시가 생긴 날마다 한 자리가 비어 있었습니다.","다른 기록과 대조하자, 출석 표시가 생긴 날마다 한 자리가 비어 있었습니다.","다른 기록과 대조하자, 출석 표시가 생긴 날마다 한 자리가 비어 있었습니다.","다른 기록과 대조하자, 출석 표시가 생긴 날마다 한 자리가 비어 있었습니다.","다른 기록과 대조하자, 출석 표시가 생긴 날마다 한 자리가 비어 있었습니다.","다른 기록과 대조하자, 출석 표시가 생긴 날마다 한 자리가 비어 있었습니다.","STORY-RECORD-CROSSCHECK-ATTENDANCE-ATTENDANCE","route","safe","20","5","0","0","record|crosscheck|attendance|attendance","crosscheck_attendance_attendance","record","","0","unique","clue_tag","2","0","0","0","false"
"4622","0","RESTORE-ATTENDANCE-ATTENDANCE","2","22","5","0","[]","[]","[4522]","false","0","0","0","[4722]","","빈칸 복원","빈칸 복원","빈칸 복원","","","","빈칸은 이름이 아니라 표시였습니다. 누가 끝까지 ▓▓을 의식했는지 복원했습니다.","빈칸은 이름이 아니라 표시였습니다. 누가 끝까지 ▓▓을 의식했는지 복원했습니다.","빈칸은 이름이 아니라 표시였습니다. 누가 끝까지 ▓▓을 의식했는지 복원했습니다.","빈칸은 이름이 아니라 표시였습니다. 누가 끝까지 ▓▓을 의식했는지 복원했습니다.","빈칸은 이름이 아니라 표시였습니다. 누가 끝까지 ▓▓을 의식했는지 복원했습니다.","빈칸은 이름이 아니라 표시였습니다. 누가 끝까지 ▓▓을 의식했는지 복원했습니다.","STORY-RECORD-RESTORE-ATTENDANCE-ATTENDANCE","route","safe","22","5","0","0","record|restore|attendance|attendance","restore_attendance_attendance","record","","0","unique","clue_tag","2","0","0","0","false"
"4722","0","VICTORY-ATTENDANCE-ATTENDANCE","2","2","0","0","[]","[]","[4622]","false","0","0","0","[]","final_report","마지막 기록 제출","마지막 기록 제출","마지막 기록 제출","","","","마지막 기록을 제출했습니다. 출석부는 출석이 아니라 끝까지 들키지 않은 관계를 세고 있었습니다.","마지막 기록을 제출했습니다. 출석부는 출석이 아니라 끝까지 들키지 않은 관계를 세고 있었습니다.","마지막 기록을 제출했습니다. 출석부는 출석이 아니라 끝까지 들키지 않은 관계를 세고 있었습니다.","마지막 기록을 제출했습니다. 출석부는 출석이 아니라 끝까지 들키지 않은 관계를 세고 있었습니다.","마지막 기록을 제출했습니다. 출석부는 출석이 아니라 끝까지 들키지 않은 관계를 세고 있었습니다.","마지막 기록을 제출했습니다. 출석부는 출석이 아니라 끝까지 들키지 않은 관계를 세고 있었습니다.","STORY-RECORD-VICTORY-ATTENDANCE-ATTENDANCE","victory","safe","2","0","0","0","record|victory|attendance|attendance","victory_attendance_attendance","record","","0","unique","mixed","2","0","0","0","true"
"4223","0","CLUE-ATTENDANCE-CONFISCATED","2","10","12","0","[]","[]","[4103]","false","0","0","0","[4323]","","압수품 보관 단서 확인","압수품 보관 단서 확인","압수품 보관 단서 확인","","","","행정실 압수품 보관함에는 ▓▓이 끝내 돌려받지 못한 물건이 있습니다.","행정실 압수품 보관함에는 ▓▓이 끝내 돌려받지 못한 물건이 있습니다.","행정실 압수품 보관함에는 ▓▓이 끝내 돌려받지 못한 물건이 있습니다.","행정실 압수품 보관함에는 ▓▓이 끝내 돌려받지 못한 물건이 있습니다.","행정실 압수품 보관함에는 ▓▓이 끝내 돌려받지 못한 물건이 있습니다.","행정실 압수품 보관함에는 ▓▓이 끝내 돌려받지 못한 물건이 있습니다.","STORY-RECORD-CLUE-ATTENDANCE-CONFISCATED","route","risk_high_reward","10","12","0","0","record|clue|attendance|confiscated","clue_attendance_confiscated","record","","0","unique","clue_tag","3","0","0","0","false"
"4323","0","COMBO-ATTENDANCE-CONFISCATED","2","10","12","0","[]","[]","[4103,4223]","false","0","0","0","[4423]","","맞물린 기록 확인","맞물린 기록 확인","맞물린 기록 확인","","","","첫 기록과 보관 봉투의 번호가 맞았습니다. 물건은 잃어버린 것이 아니라 돌려주지 못한 답장이었습니다.","첫 기록과 보관 봉투의 번호가 맞았습니다. 물건은 잃어버린 것이 아니라 돌려주지 못한 답장이었습니다.","첫 기록과 보관 봉투의 번호가 맞았습니다. 물건은 잃어버린 것이 아니라 돌려주지 못한 답장이었습니다.","첫 기록과 보관 봉투의 번호가 맞았습니다. 물건은 잃어버린 것이 아니라 돌려주지 못한 답장이었습니다.","첫 기록과 보관 봉투의 번호가 맞았습니다. 물건은 잃어버린 것이 아니라 돌려주지 못한 답장이었습니다.","첫 기록과 보관 봉투의 번호가 맞았습니다. 물건은 잃어버린 것이 아니라 돌려주지 못한 답장이었습니다.","STORY-RECORD-COMBO-ATTENDANCE-CONFISCATED","route","risk_high_reward","10","12","0","0","record|combo|attendance|confiscated","combo_attendance_confiscated","record","","0","unique","clue_tag","3","0","0","0","false"
"4423","0","CONTRADICTION-ATTENDANCE-CONFISCATED","2","22","5","0","[]","[]","[4323]","false","0","0","0","[4523]","","어긋난 기록 확인","어긋난 기록 확인","어긋난 기록 확인","","","","보관함 접수 시간이 비어 있었습니다. 물건보다 먼저 기록된 것은 ▓▓의 이름이었습니다.","보관함 접수 시간이 비어 있었습니다. 물건보다 먼저 기록된 것은 ▓▓의 이름이었습니다.","보관함 접수 시간이 비어 있었습니다. 물건보다 먼저 기록된 것은 ▓▓의 이름이었습니다.","보관함 접수 시간이 비어 있었습니다. 물건보다 먼저 기록된 것은 ▓▓의 이름이었습니다.","보관함 접수 시간이 비어 있었습니다. 물건보다 먼저 기록된 것은 ▓▓의 이름이었습니다.","보관함 접수 시간이 비어 있었습니다. 물건보다 먼저 기록된 것은 ▓▓의 이름이었습니다.","STORY-RECORD-CONTRADICTION-ATTENDANCE-CONFISCATED","route","risk_high_reward","22","5","0","0","record|contradiction|attendance|confiscated","contradiction_attendance_confiscated","record","","0","unique","clue_tag","3","0","0","0","false"
"4523","0","CROSSCHECK-ATTENDANCE-CONFISCATED","2","10","12","0","[]","[]","[4423]","false","0","0","0","[4623]","","대조 기록 확인","대조 기록 확인","대조 기록 확인","","","","다른 기록과 대조하자, 보관함이 열린 날마다 돌려받지 못한 물건이 하나씩 늘었습니다.","다른 기록과 대조하자, 보관함이 열린 날마다 돌려받지 못한 물건이 하나씩 늘었습니다.","다른 기록과 대조하자, 보관함이 열린 날마다 돌려받지 못한 물건이 하나씩 늘었습니다.","다른 기록과 대조하자, 보관함이 열린 날마다 돌려받지 못한 물건이 하나씩 늘었습니다.","다른 기록과 대조하자, 보관함이 열린 날마다 돌려받지 못한 물건이 하나씩 늘었습니다.","다른 기록과 대조하자, 보관함이 열린 날마다 돌려받지 못한 물건이 하나씩 늘었습니다.","STORY-RECORD-CROSSCHECK-ATTENDANCE-CONFISCATED","route","risk_high_reward","10","12","0","0","record|crosscheck|attendance|confiscated","crosscheck_attendance_confiscated","record","","0","unique","clue_tag","3","0","0","0","false"
"4623","0","RESTORE-ATTENDANCE-CONFISCATED","2","22","5","0","[]","[]","[4523]","false","0","0","0","[4723]","","빈칸 복원","빈칸 복원","빈칸 복원","","","","빈칸은 물건이 아니라 주인이었습니다. 누가 ▓▓에게 돌려주지 못했는지 복원했습니다.","빈칸은 물건이 아니라 주인이었습니다. 누가 ▓▓에게 돌려주지 못했는지 복원했습니다.","빈칸은 물건이 아니라 주인이었습니다. 누가 ▓▓에게 돌려주지 못했는지 복원했습니다.","빈칸은 물건이 아니라 주인이었습니다. 누가 ▓▓에게 돌려주지 못했는지 복원했습니다.","빈칸은 물건이 아니라 주인이었습니다. 누가 ▓▓에게 돌려주지 못했는지 복원했습니다.","빈칸은 물건이 아니라 주인이었습니다. 누가 ▓▓에게 돌려주지 못했는지 복원했습니다.","STORY-RECORD-RESTORE-ATTENDANCE-CONFISCATED","route","risk_high_reward","22","5","0","0","record|restore|attendance|confiscated","restore_attendance_confiscated","record","","0","unique","clue_tag","3","0","0","0","false"
"4723","0","VICTORY-ATTENDANCE-CONFISCATED","2","2","0","0","[]","[]","[4623]","false","0","0","0","[]","final_report","마지막 기록 제출","마지막 기록 제출","마지막 기록 제출","","","","마지막 기록을 제출했습니다. 보관함은 물건이 아니라 돌려주지 못한 마음을 보관하고 있었습니다.","마지막 기록을 제출했습니다. 보관함은 물건이 아니라 돌려주지 못한 마음을 보관하고 있었습니다.","마지막 기록을 제출했습니다. 보관함은 물건이 아니라 돌려주지 못한 마음을 보관하고 있었습니다.","마지막 기록을 제출했습니다. 보관함은 물건이 아니라 돌려주지 못한 마음을 보관하고 있었습니다.","마지막 기록을 제출했습니다. 보관함은 물건이 아니라 돌려주지 못한 마음을 보관하고 있었습니다.","마지막 기록을 제출했습니다. 보관함은 물건이 아니라 돌려주지 못한 마음을 보관하고 있었습니다.","STORY-RECORD-VICTORY-ATTENDANCE-CONFISCATED","victory","risk_high_reward","2","0","0","0","record|victory|attendance|confiscated","victory_attendance_confiscated","record","","0","unique","mixed","3","0","0","0","true"
"4231","0","CLUE-CONFISCATED-BROADCAST","2","42","8","0","[]","[]","[4104]","false","0","0","0","[4331]","","방송실 단서 확인","방송실 단서 확인","방송실 단서 확인","","","","▓▓의 이름이 방송실에서 불린 날, 그 아이는 하루 종일 스피커 아래를 지나지 못했습니다.","▓▓의 이름이 방송실에서 불린 날, 그 아이는 하루 종일 스피커 아래를 지나지 못했습니다.","▓▓의 이름이 방송실에서 불린 날, 그 아이는 하루 종일 스피커 아래를 지나지 못했습니다.","▓▓의 이름이 방송실에서 불린 날, 그 아이는 하루 종일 스피커 아래를 지나지 못했습니다.","▓▓의 이름이 방송실에서 불린 날, 그 아이는 하루 종일 스피커 아래를 지나지 못했습니다.","▓▓의 이름이 방송실에서 불린 날, 그 아이는 하루 종일 스피커 아래를 지나지 못했습니다.","STORY-RECORD-CLUE-CONFISCATED-BROADCAST","route","info","42","8","0","0","record|clue|confiscated|broadcast","clue_confiscated_broadcast","record","","0","unique","clue_tag","1","0","0","0","false"
"4331","0","COMBO-CONFISCATED-BROADCAST","2","42","8","0","[]","[]","[4104,4231]","false","0","0","0","[4431]","","맞물린 기록 확인","맞물린 기록 확인","맞물린 기록 확인","","","","첫 기록과 방송 시각이 맞물렸습니다. 이름은 호출이 아니라 반응을 기다리는 장치였습니다.","첫 기록과 방송 시각이 맞물렸습니다. 이름은 호출이 아니라 반응을 기다리는 장치였습니다.","첫 기록과 방송 시각이 맞물렸습니다. 이름은 호출이 아니라 반응을 기다리는 장치였습니다.","첫 기록과 방송 시각이 맞물렸습니다. 이름은 호출이 아니라 반응을 기다리는 장치였습니다.","첫 기록과 방송 시각이 맞물렸습니다. 이름은 호출이 아니라 반응을 기다리는 장치였습니다.","첫 기록과 방송 시각이 맞물렸습니다. 이름은 호출이 아니라 반응을 기다리는 장치였습니다.","STORY-RECORD-COMBO-CONFISCATED-BROADCAST","route","info","42","8","0","0","record|combo|confiscated|broadcast","combo_confiscated_broadcast","record","","0","unique","clue_tag","1","0","0","0","false"
"4431","0","CONTRADICTION-CONFISCATED-BROADCAST","2","22","5","0","[]","[]","[4331]","false","0","0","0","[4531]","","어긋난 기록 확인","어긋난 기록 확인","어긋난 기록 확인","","","","기록은 한 번 더 어긋났습니다. 방송이 끊긴 뒤에도 ▓▓의 이름은 목록에서 내려가지 않았습니다.","기록은 한 번 더 어긋났습니다. 방송이 끊긴 뒤에도 ▓▓의 이름은 목록에서 내려가지 않았습니다.","기록은 한 번 더 어긋났습니다. 방송이 끊긴 뒤에도 ▓▓의 이름은 목록에서 내려가지 않았습니다.","기록은 한 번 더 어긋났습니다. 방송이 끊긴 뒤에도 ▓▓의 이름은 목록에서 내려가지 않았습니다.","기록은 한 번 더 어긋났습니다. 방송이 끊긴 뒤에도 ▓▓의 이름은 목록에서 내려가지 않았습니다.","기록은 한 번 더 어긋났습니다. 방송이 끊긴 뒤에도 ▓▓의 이름은 목록에서 내려가지 않았습니다.","STORY-RECORD-CONTRADICTION-CONFISCATED-BROADCAST","route","info","22","5","0","0","record|contradiction|confiscated|broadcast","contradiction_confiscated_broadcast","record","","0","unique","clue_tag","1","0","0","0","false"
"4531","0","CROSSCHECK-CONFISCATED-BROADCAST","2","42","9","0","[]","[]","[4431]","false","0","0","0","[4631]","","대조 기록 확인","대조 기록 확인","대조 기록 확인","","","","다른 기록과 대조하자, 이름이 불린 시각마다 누군가가 같은 장소에 멈춰 있었습니다.","다른 기록과 대조하자, 이름이 불린 시각마다 누군가가 같은 장소에 멈춰 있었습니다.","다른 기록과 대조하자, 이름이 불린 시각마다 누군가가 같은 장소에 멈춰 있었습니다.","다른 기록과 대조하자, 이름이 불린 시각마다 누군가가 같은 장소에 멈춰 있었습니다.","다른 기록과 대조하자, 이름이 불린 시각마다 누군가가 같은 장소에 멈춰 있었습니다.","다른 기록과 대조하자, 이름이 불린 시각마다 누군가가 같은 장소에 멈춰 있었습니다.","STORY-RECORD-CROSSCHECK-CONFISCATED-BROADCAST","route","info","42","9","0","0","record|crosscheck|confiscated|broadcast","crosscheck_confiscated_broadcast","record","","0","unique","clue_tag","1","0","0","0","false"
"4631","0","RESTORE-CONFISCATED-BROADCAST","2","22","5","0","[]","[]","[4531]","false","0","0","0","[4731]","","빈칸 복원","빈칸 복원","빈칸 복원","","","","빈칸은 목소리가 아니라 순서였습니다. 누가 먼저 ▓▓의 이름에 반응했는지 복원했습니다.","빈칸은 목소리가 아니라 순서였습니다. 누가 먼저 ▓▓의 이름에 반응했는지 복원했습니다.","빈칸은 목소리가 아니라 순서였습니다. 누가 먼저 ▓▓의 이름에 반응했는지 복원했습니다.","빈칸은 목소리가 아니라 순서였습니다. 누가 먼저 ▓▓의 이름에 반응했는지 복원했습니다.","빈칸은 목소리가 아니라 순서였습니다. 누가 먼저 ▓▓의 이름에 반응했는지 복원했습니다.","빈칸은 목소리가 아니라 순서였습니다. 누가 먼저 ▓▓의 이름에 반응했는지 복원했습니다.","STORY-RECORD-RESTORE-CONFISCATED-BROADCAST","route","info","22","5","0","0","record|restore|confiscated|broadcast","restore_confiscated_broadcast","record","","0","unique","clue_tag","1","0","0","0","false"
"4731","0","VICTORY-CONFISCATED-BROADCAST","2","2","0","0","[]","[]","[4631]","false","0","0","0","[]","final_report","마지막 기록 제출","마지막 기록 제출","마지막 기록 제출","","","","마지막 기록을 제출했습니다. 방송은 이름을 부르지 않았고, 누가 반응하는지 기다리고 있었습니다.","마지막 기록을 제출했습니다. 방송은 이름을 부르지 않았고, 누가 반응하는지 기다리고 있었습니다.","마지막 기록을 제출했습니다. 방송은 이름을 부르지 않았고, 누가 반응하는지 기다리고 있었습니다.","마지막 기록을 제출했습니다. 방송은 이름을 부르지 않았고, 누가 반응하는지 기다리고 있었습니다.","마지막 기록을 제출했습니다. 방송은 이름을 부르지 않았고, 누가 반응하는지 기다리고 있었습니다.","마지막 기록을 제출했습니다. 방송은 이름을 부르지 않았고, 누가 반응하는지 기다리고 있었습니다.","STORY-RECORD-VICTORY-CONFISCATED-BROADCAST","victory","info","2","0","0","0","record|victory|confiscated|broadcast","victory_confiscated_broadcast","record","","0","unique","mixed","1","0","0","0","true"
"4232","0","CLUE-CONFISCATED-ATTENDANCE","2","30","2","0","[]","[]","[4104]","false","0","0","0","[4332]","","출석 표시 단서 확인","출석 표시 단서 확인","출석 표시 단서 확인","","","","1학년 1반 출석부에는 ▓▓의 이름 옆에 지워지지 않는 표시가 남아 있습니다.","1학년 1반 출석부에는 ▓▓의 이름 옆에 지워지지 않는 표시가 남아 있습니다.","1학년 1반 출석부에는 ▓▓의 이름 옆에 지워지지 않는 표시가 남아 있습니다.","1학년 1반 출석부에는 ▓▓의 이름 옆에 지워지지 않는 표시가 남아 있습니다.","1학년 1반 출석부에는 ▓▓의 이름 옆에 지워지지 않는 표시가 남아 있습니다.","1학년 1반 출석부에는 ▓▓의 이름 옆에 지워지지 않는 표시가 남아 있습니다.","STORY-RECORD-CLUE-CONFISCATED-ATTENDANCE","route","safe","30","2","0","0","record|clue|confiscated|attendance","clue_confiscated_attendance","record","","0","unique","clue_tag","2","0","0","0","false"
"4332","0","COMBO-CONFISCATED-ATTENDANCE","2","30","2","0","[]","[]","[4104,4232]","false","0","0","0","[4432]","","맞물린 기록 확인","맞물린 기록 확인","맞물린 기록 확인","","","","첫 기록과 출석 표시가 같은 방향으로 번졌습니다. 표시는 결석이 아니라 시선의 횟수였습니다.","첫 기록과 출석 표시가 같은 방향으로 번졌습니다. 표시는 결석이 아니라 시선의 횟수였습니다.","첫 기록과 출석 표시가 같은 방향으로 번졌습니다. 표시는 결석이 아니라 시선의 횟수였습니다.","첫 기록과 출석 표시가 같은 방향으로 번졌습니다. 표시는 결석이 아니라 시선의 횟수였습니다.","첫 기록과 출석 표시가 같은 방향으로 번졌습니다. 표시는 결석이 아니라 시선의 횟수였습니다.","첫 기록과 출석 표시가 같은 방향으로 번졌습니다. 표시는 결석이 아니라 시선의 횟수였습니다.","STORY-RECORD-COMBO-CONFISCATED-ATTENDANCE","route","safe","30","2","0","0","record|combo|confiscated|attendance","combo_confiscated_attendance","record","","0","unique","clue_tag","2","0","0","0","false"
"4432","0","CONTRADICTION-CONFISCATED-ATTENDANCE","2","22","5","0","[]","[]","[4332]","false","0","0","0","[4532]","","어긋난 기록 확인","어긋난 기록 확인","어긋난 기록 확인","","","","출석부의 표시가 사라지지 않았습니다. 지운 자리에 같은 표시가 한 번 더 떠올랐습니다.","출석부의 표시가 사라지지 않았습니다. 지운 자리에 같은 표시가 한 번 더 떠올랐습니다.","출석부의 표시가 사라지지 않았습니다. 지운 자리에 같은 표시가 한 번 더 떠올랐습니다.","출석부의 표시가 사라지지 않았습니다. 지운 자리에 같은 표시가 한 번 더 떠올랐습니다.","출석부의 표시가 사라지지 않았습니다. 지운 자리에 같은 표시가 한 번 더 떠올랐습니다.","출석부의 표시가 사라지지 않았습니다. 지운 자리에 같은 표시가 한 번 더 떠올랐습니다.","STORY-RECORD-CONTRADICTION-CONFISCATED-ATTENDANCE","route","safe","22","5","0","0","record|contradiction|confiscated|attendance","contradiction_confiscated_attendance","record","","0","unique","clue_tag","2","0","0","0","false"
"4532","0","CROSSCHECK-CONFISCATED-ATTENDANCE","2","20","5","0","[]","[]","[4432]","false","0","0","0","[4632]","","대조 기록 확인","대조 기록 확인","대조 기록 확인","","","","다른 기록과 대조하자, 출석 표시가 생긴 날마다 한 자리가 비어 있었습니다.","다른 기록과 대조하자, 출석 표시가 생긴 날마다 한 자리가 비어 있었습니다.","다른 기록과 대조하자, 출석 표시가 생긴 날마다 한 자리가 비어 있었습니다.","다른 기록과 대조하자, 출석 표시가 생긴 날마다 한 자리가 비어 있었습니다.","다른 기록과 대조하자, 출석 표시가 생긴 날마다 한 자리가 비어 있었습니다.","다른 기록과 대조하자, 출석 표시가 생긴 날마다 한 자리가 비어 있었습니다.","STORY-RECORD-CROSSCHECK-CONFISCATED-ATTENDANCE","route","safe","20","5","0","0","record|crosscheck|confiscated|attendance","crosscheck_confiscated_attendance","record","","0","unique","clue_tag","2","0","0","0","false"
"4632","0","RESTORE-CONFISCATED-ATTENDANCE","2","22","5","0","[]","[]","[4532]","false","0","0","0","[4732]","","빈칸 복원","빈칸 복원","빈칸 복원","","","","빈칸은 이름이 아니라 표시였습니다. 누가 끝까지 ▓▓을 의식했는지 복원했습니다.","빈칸은 이름이 아니라 표시였습니다. 누가 끝까지 ▓▓을 의식했는지 복원했습니다.","빈칸은 이름이 아니라 표시였습니다. 누가 끝까지 ▓▓을 의식했는지 복원했습니다.","빈칸은 이름이 아니라 표시였습니다. 누가 끝까지 ▓▓을 의식했는지 복원했습니다.","빈칸은 이름이 아니라 표시였습니다. 누가 끝까지 ▓▓을 의식했는지 복원했습니다.","빈칸은 이름이 아니라 표시였습니다. 누가 끝까지 ▓▓을 의식했는지 복원했습니다.","STORY-RECORD-RESTORE-CONFISCATED-ATTENDANCE","route","safe","22","5","0","0","record|restore|confiscated|attendance","restore_confiscated_attendance","record","","0","unique","clue_tag","2","0","0","0","false"
"4732","0","VICTORY-CONFISCATED-ATTENDANCE","2","2","0","0","[]","[]","[4632]","false","0","0","0","[]","final_report","마지막 기록 제출","마지막 기록 제출","마지막 기록 제출","","","","마지막 기록을 제출했습니다. 출석부는 출석이 아니라 끝까지 들키지 않은 관계를 세고 있었습니다.","마지막 기록을 제출했습니다. 출석부는 출석이 아니라 끝까지 들키지 않은 관계를 세고 있었습니다.","마지막 기록을 제출했습니다. 출석부는 출석이 아니라 끝까지 들키지 않은 관계를 세고 있었습니다.","마지막 기록을 제출했습니다. 출석부는 출석이 아니라 끝까지 들키지 않은 관계를 세고 있었습니다.","마지막 기록을 제출했습니다. 출석부는 출석이 아니라 끝까지 들키지 않은 관계를 세고 있었습니다.","마지막 기록을 제출했습니다. 출석부는 출석이 아니라 끝까지 들키지 않은 관계를 세고 있었습니다.","STORY-RECORD-VICTORY-CONFISCATED-ATTENDANCE","victory","safe","2","0","0","0","record|victory|confiscated|attendance","victory_confiscated_attendance","record","","0","unique","mixed","2","0","0","0","true"
"4233","0","CLUE-CONFISCATED-CONFISCATED","2","10","12","0","[]","[]","[4104]","false","0","0","0","[4333]","","압수품 보관 단서 확인","압수품 보관 단서 확인","압수품 보관 단서 확인","","","","행정실 압수품 보관함에는 ▓▓이 끝내 돌려받지 못한 물건이 있습니다.","행정실 압수품 보관함에는 ▓▓이 끝내 돌려받지 못한 물건이 있습니다.","행정실 압수품 보관함에는 ▓▓이 끝내 돌려받지 못한 물건이 있습니다.","행정실 압수품 보관함에는 ▓▓이 끝내 돌려받지 못한 물건이 있습니다.","행정실 압수품 보관함에는 ▓▓이 끝내 돌려받지 못한 물건이 있습니다.","행정실 압수품 보관함에는 ▓▓이 끝내 돌려받지 못한 물건이 있습니다.","STORY-RECORD-CLUE-CONFISCATED-CONFISCATED","route","risk_high_reward","10","12","0","0","record|clue|confiscated|confiscated","clue_confiscated_confiscated","record","","0","unique","clue_tag","3","0","0","0","false"
"4333","0","COMBO-CONFISCATED-CONFISCATED","2","10","12","0","[]","[]","[4104,4233]","false","0","0","0","[4433]","","맞물린 기록 확인","맞물린 기록 확인","맞물린 기록 확인","","","","첫 기록과 보관 봉투의 번호가 맞았습니다. 물건은 잃어버린 것이 아니라 돌려주지 못한 답장이었습니다.","첫 기록과 보관 봉투의 번호가 맞았습니다. 물건은 잃어버린 것이 아니라 돌려주지 못한 답장이었습니다.","첫 기록과 보관 봉투의 번호가 맞았습니다. 물건은 잃어버린 것이 아니라 돌려주지 못한 답장이었습니다.","첫 기록과 보관 봉투의 번호가 맞았습니다. 물건은 잃어버린 것이 아니라 돌려주지 못한 답장이었습니다.","첫 기록과 보관 봉투의 번호가 맞았습니다. 물건은 잃어버린 것이 아니라 돌려주지 못한 답장이었습니다.","첫 기록과 보관 봉투의 번호가 맞았습니다. 물건은 잃어버린 것이 아니라 돌려주지 못한 답장이었습니다.","STORY-RECORD-COMBO-CONFISCATED-CONFISCATED","route","risk_high_reward","10","12","0","0","record|combo|confiscated|confiscated","combo_confiscated_confiscated","record","","0","unique","clue_tag","3","0","0","0","false"
"4433","0","CONTRADICTION-CONFISCATED-CONFISCATED","2","22","5","0","[]","[]","[4333]","false","0","0","0","[4533]","","어긋난 기록 확인","어긋난 기록 확인","어긋난 기록 확인","","","","보관함 접수 시간이 비어 있었습니다. 물건보다 먼저 기록된 것은 ▓▓의 이름이었습니다.","보관함 접수 시간이 비어 있었습니다. 물건보다 먼저 기록된 것은 ▓▓의 이름이었습니다.","보관함 접수 시간이 비어 있었습니다. 물건보다 먼저 기록된 것은 ▓▓의 이름이었습니다.","보관함 접수 시간이 비어 있었습니다. 물건보다 먼저 기록된 것은 ▓▓의 이름이었습니다.","보관함 접수 시간이 비어 있었습니다. 물건보다 먼저 기록된 것은 ▓▓의 이름이었습니다.","보관함 접수 시간이 비어 있었습니다. 물건보다 먼저 기록된 것은 ▓▓의 이름이었습니다.","STORY-RECORD-CONTRADICTION-CONFISCATED-CONFISCATED","route","risk_high_reward","22","5","0","0","record|contradiction|confiscated|confiscated","contradiction_confiscated_confiscated","record","","0","unique","clue_tag","3","0","0","0","false"
"4533","0","CROSSCHECK-CONFISCATED-CONFISCATED","2","10","12","0","[]","[]","[4433]","false","0","0","0","[4633]","","대조 기록 확인","대조 기록 확인","대조 기록 확인","","","","다른 기록과 대조하자, 보관함이 열린 날마다 돌려받지 못한 물건이 하나씩 늘었습니다.","다른 기록과 대조하자, 보관함이 열린 날마다 돌려받지 못한 물건이 하나씩 늘었습니다.","다른 기록과 대조하자, 보관함이 열린 날마다 돌려받지 못한 물건이 하나씩 늘었습니다.","다른 기록과 대조하자, 보관함이 열린 날마다 돌려받지 못한 물건이 하나씩 늘었습니다.","다른 기록과 대조하자, 보관함이 열린 날마다 돌려받지 못한 물건이 하나씩 늘었습니다.","다른 기록과 대조하자, 보관함이 열린 날마다 돌려받지 못한 물건이 하나씩 늘었습니다.","STORY-RECORD-CROSSCHECK-CONFISCATED-CONFISCATED","route","risk_high_reward","10","12","0","0","record|crosscheck|confiscated|confiscated","crosscheck_confiscated_confiscated","record","","0","unique","clue_tag","3","0","0","0","false"
"4633","0","RESTORE-CONFISCATED-CONFISCATED","2","22","5","0","[]","[]","[4533]","false","0","0","0","[4733]","","빈칸 복원","빈칸 복원","빈칸 복원","","","","빈칸은 물건이 아니라 주인이었습니다. 누가 ▓▓에게 돌려주지 못했는지 복원했습니다.","빈칸은 물건이 아니라 주인이었습니다. 누가 ▓▓에게 돌려주지 못했는지 복원했습니다.","빈칸은 물건이 아니라 주인이었습니다. 누가 ▓▓에게 돌려주지 못했는지 복원했습니다.","빈칸은 물건이 아니라 주인이었습니다. 누가 ▓▓에게 돌려주지 못했는지 복원했습니다.","빈칸은 물건이 아니라 주인이었습니다. 누가 ▓▓에게 돌려주지 못했는지 복원했습니다.","빈칸은 물건이 아니라 주인이었습니다. 누가 ▓▓에게 돌려주지 못했는지 복원했습니다.","STORY-RECORD-RESTORE-CONFISCATED-CONFISCATED","route","risk_high_reward","22","5","0","0","record|restore|confiscated|confiscated","restore_confiscated_confiscated","record","","0","unique","clue_tag","3","0","0","0","false"
"4733","0","VICTORY-CONFISCATED-CONFISCATED","2","2","0","0","[]","[]","[4633]","false","0","0","0","[]","final_report","마지막 기록 제출","마지막 기록 제출","마지막 기록 제출","","","","마지막 기록을 제출했습니다. 보관함은 물건이 아니라 돌려주지 못한 마음을 보관하고 있었습니다.","마지막 기록을 제출했습니다. 보관함은 물건이 아니라 돌려주지 못한 마음을 보관하고 있었습니다.","마지막 기록을 제출했습니다. 보관함은 물건이 아니라 돌려주지 못한 마음을 보관하고 있었습니다.","마지막 기록을 제출했습니다. 보관함은 물건이 아니라 돌려주지 못한 마음을 보관하고 있었습니다.","마지막 기록을 제출했습니다. 보관함은 물건이 아니라 돌려주지 못한 마음을 보관하고 있었습니다.","마지막 기록을 제출했습니다. 보관함은 물건이 아니라 돌려주지 못한 마음을 보관하고 있었습니다.","STORY-RECORD-VICTORY-CONFISCATED-CONFISCATED","victory","risk_high_reward","2","0","0","0","record|victory|confiscated|confiscated","victory_confiscated_confiscated","record","","0","unique","mixed","3","0","0","0","true"
"4241","0","CLUE-ROLLCALL-BROADCAST","2","42","8","0","[]","[]","[4105]","false","0","0","0","[4341]","","방송실 단서 확인","방송실 단서 확인","방송실 단서 확인","","","","▓▓의 이름이 방송실에서 불린 날, 그 아이는 하루 종일 스피커 아래를 지나지 못했습니다.","▓▓의 이름이 방송실에서 불린 날, 그 아이는 하루 종일 스피커 아래를 지나지 못했습니다.","▓▓의 이름이 방송실에서 불린 날, 그 아이는 하루 종일 스피커 아래를 지나지 못했습니다.","▓▓의 이름이 방송실에서 불린 날, 그 아이는 하루 종일 스피커 아래를 지나지 못했습니다.","▓▓의 이름이 방송실에서 불린 날, 그 아이는 하루 종일 스피커 아래를 지나지 못했습니다.","▓▓의 이름이 방송실에서 불린 날, 그 아이는 하루 종일 스피커 아래를 지나지 못했습니다.","STORY-RECORD-CLUE-ROLLCALL-BROADCAST","route","info","42","8","0","0","record|clue|rollcall|broadcast","clue_rollcall_broadcast","record","","0","unique","clue_tag","1","0","0","0","false"
"4341","0","COMBO-ROLLCALL-BROADCAST","2","42","8","0","[]","[]","[4105,4241]","false","0","0","0","[4441]","","맞물린 기록 확인","맞물린 기록 확인","맞물린 기록 확인","","","","첫 기록과 방송 시각이 맞물렸습니다. 이름은 호출이 아니라 반응을 기다리는 장치였습니다.","첫 기록과 방송 시각이 맞물렸습니다. 이름은 호출이 아니라 반응을 기다리는 장치였습니다.","첫 기록과 방송 시각이 맞물렸습니다. 이름은 호출이 아니라 반응을 기다리는 장치였습니다.","첫 기록과 방송 시각이 맞물렸습니다. 이름은 호출이 아니라 반응을 기다리는 장치였습니다.","첫 기록과 방송 시각이 맞물렸습니다. 이름은 호출이 아니라 반응을 기다리는 장치였습니다.","첫 기록과 방송 시각이 맞물렸습니다. 이름은 호출이 아니라 반응을 기다리는 장치였습니다.","STORY-RECORD-COMBO-ROLLCALL-BROADCAST","route","info","42","8","0","0","record|combo|rollcall|broadcast","combo_rollcall_broadcast","record","","0","unique","clue_tag","1","0","0","0","false"
"4441","0","CONTRADICTION-ROLLCALL-BROADCAST","2","22","5","0","[]","[]","[4341]","false","0","0","0","[4541]","","어긋난 기록 확인","어긋난 기록 확인","어긋난 기록 확인","","","","기록은 한 번 더 어긋났습니다. 방송이 끊긴 뒤에도 ▓▓의 이름은 목록에서 내려가지 않았습니다.","기록은 한 번 더 어긋났습니다. 방송이 끊긴 뒤에도 ▓▓의 이름은 목록에서 내려가지 않았습니다.","기록은 한 번 더 어긋났습니다. 방송이 끊긴 뒤에도 ▓▓의 이름은 목록에서 내려가지 않았습니다.","기록은 한 번 더 어긋났습니다. 방송이 끊긴 뒤에도 ▓▓의 이름은 목록에서 내려가지 않았습니다.","기록은 한 번 더 어긋났습니다. 방송이 끊긴 뒤에도 ▓▓의 이름은 목록에서 내려가지 않았습니다.","기록은 한 번 더 어긋났습니다. 방송이 끊긴 뒤에도 ▓▓의 이름은 목록에서 내려가지 않았습니다.","STORY-RECORD-CONTRADICTION-ROLLCALL-BROADCAST","route","info","22","5","0","0","record|contradiction|rollcall|broadcast","contradiction_rollcall_broadcast","record","","0","unique","clue_tag","1","0","0","0","false"
"4541","0","CROSSCHECK-ROLLCALL-BROADCAST","2","42","9","0","[]","[]","[4441]","false","0","0","0","[4641]","","대조 기록 확인","대조 기록 확인","대조 기록 확인","","","","다른 기록과 대조하자, 이름이 불린 시각마다 누군가가 같은 장소에 멈춰 있었습니다.","다른 기록과 대조하자, 이름이 불린 시각마다 누군가가 같은 장소에 멈춰 있었습니다.","다른 기록과 대조하자, 이름이 불린 시각마다 누군가가 같은 장소에 멈춰 있었습니다.","다른 기록과 대조하자, 이름이 불린 시각마다 누군가가 같은 장소에 멈춰 있었습니다.","다른 기록과 대조하자, 이름이 불린 시각마다 누군가가 같은 장소에 멈춰 있었습니다.","다른 기록과 대조하자, 이름이 불린 시각마다 누군가가 같은 장소에 멈춰 있었습니다.","STORY-RECORD-CROSSCHECK-ROLLCALL-BROADCAST","route","info","42","9","0","0","record|crosscheck|rollcall|broadcast","crosscheck_rollcall_broadcast","record","","0","unique","clue_tag","1","0","0","0","false"
"4641","0","RESTORE-ROLLCALL-BROADCAST","2","22","5","0","[]","[]","[4541]","false","0","0","0","[4741]","","빈칸 복원","빈칸 복원","빈칸 복원","","","","빈칸은 목소리가 아니라 순서였습니다. 누가 먼저 ▓▓의 이름에 반응했는지 복원했습니다.","빈칸은 목소리가 아니라 순서였습니다. 누가 먼저 ▓▓의 이름에 반응했는지 복원했습니다.","빈칸은 목소리가 아니라 순서였습니다. 누가 먼저 ▓▓의 이름에 반응했는지 복원했습니다.","빈칸은 목소리가 아니라 순서였습니다. 누가 먼저 ▓▓의 이름에 반응했는지 복원했습니다.","빈칸은 목소리가 아니라 순서였습니다. 누가 먼저 ▓▓의 이름에 반응했는지 복원했습니다.","빈칸은 목소리가 아니라 순서였습니다. 누가 먼저 ▓▓의 이름에 반응했는지 복원했습니다.","STORY-RECORD-RESTORE-ROLLCALL-BROADCAST","route","info","22","5","0","0","record|restore|rollcall|broadcast","restore_rollcall_broadcast","record","","0","unique","clue_tag","1","0","0","0","false"
"4741","0","VICTORY-ROLLCALL-BROADCAST","2","2","0","0","[]","[]","[4641]","false","0","0","0","[]","final_report","마지막 기록 제출","마지막 기록 제출","마지막 기록 제출","","","","마지막 기록을 제출했습니다. 방송은 이름을 부르지 않았고, 누가 반응하는지 기다리고 있었습니다.","마지막 기록을 제출했습니다. 방송은 이름을 부르지 않았고, 누가 반응하는지 기다리고 있었습니다.","마지막 기록을 제출했습니다. 방송은 이름을 부르지 않았고, 누가 반응하는지 기다리고 있었습니다.","마지막 기록을 제출했습니다. 방송은 이름을 부르지 않았고, 누가 반응하는지 기다리고 있었습니다.","마지막 기록을 제출했습니다. 방송은 이름을 부르지 않았고, 누가 반응하는지 기다리고 있었습니다.","마지막 기록을 제출했습니다. 방송은 이름을 부르지 않았고, 누가 반응하는지 기다리고 있었습니다.","STORY-RECORD-VICTORY-ROLLCALL-BROADCAST","victory","info","2","0","0","0","record|victory|rollcall|broadcast","victory_rollcall_broadcast","record","","0","unique","mixed","1","0","0","0","true"
"4242","0","CLUE-ROLLCALL-ATTENDANCE","2","30","2","0","[]","[]","[4105]","false","0","0","0","[4342]","","출석 표시 단서 확인","출석 표시 단서 확인","출석 표시 단서 확인","","","","1학년 1반 출석부에는 ▓▓의 이름 옆에 지워지지 않는 표시가 남아 있습니다.","1학년 1반 출석부에는 ▓▓의 이름 옆에 지워지지 않는 표시가 남아 있습니다.","1학년 1반 출석부에는 ▓▓의 이름 옆에 지워지지 않는 표시가 남아 있습니다.","1학년 1반 출석부에는 ▓▓의 이름 옆에 지워지지 않는 표시가 남아 있습니다.","1학년 1반 출석부에는 ▓▓의 이름 옆에 지워지지 않는 표시가 남아 있습니다.","1학년 1반 출석부에는 ▓▓의 이름 옆에 지워지지 않는 표시가 남아 있습니다.","STORY-RECORD-CLUE-ROLLCALL-ATTENDANCE","route","safe","30","2","0","0","record|clue|rollcall|attendance","clue_rollcall_attendance","record","","0","unique","clue_tag","2","0","0","0","false"
"4342","0","COMBO-ROLLCALL-ATTENDANCE","2","30","2","0","[]","[]","[4105,4242]","false","0","0","0","[4442]","","맞물린 기록 확인","맞물린 기록 확인","맞물린 기록 확인","","","","첫 기록과 출석 표시가 같은 방향으로 번졌습니다. 표시는 결석이 아니라 시선의 횟수였습니다.","첫 기록과 출석 표시가 같은 방향으로 번졌습니다. 표시는 결석이 아니라 시선의 횟수였습니다.","첫 기록과 출석 표시가 같은 방향으로 번졌습니다. 표시는 결석이 아니라 시선의 횟수였습니다.","첫 기록과 출석 표시가 같은 방향으로 번졌습니다. 표시는 결석이 아니라 시선의 횟수였습니다.","첫 기록과 출석 표시가 같은 방향으로 번졌습니다. 표시는 결석이 아니라 시선의 횟수였습니다.","첫 기록과 출석 표시가 같은 방향으로 번졌습니다. 표시는 결석이 아니라 시선의 횟수였습니다.","STORY-RECORD-COMBO-ROLLCALL-ATTENDANCE","route","safe","30","2","0","0","record|combo|rollcall|attendance","combo_rollcall_attendance","record","","0","unique","clue_tag","2","0","0","0","false"
"4442","0","CONTRADICTION-ROLLCALL-ATTENDANCE","2","22","5","0","[]","[]","[4342]","false","0","0","0","[4542]","","어긋난 기록 확인","어긋난 기록 확인","어긋난 기록 확인","","","","출석부의 표시가 사라지지 않았습니다. 지운 자리에 같은 표시가 한 번 더 떠올랐습니다.","출석부의 표시가 사라지지 않았습니다. 지운 자리에 같은 표시가 한 번 더 떠올랐습니다.","출석부의 표시가 사라지지 않았습니다. 지운 자리에 같은 표시가 한 번 더 떠올랐습니다.","출석부의 표시가 사라지지 않았습니다. 지운 자리에 같은 표시가 한 번 더 떠올랐습니다.","출석부의 표시가 사라지지 않았습니다. 지운 자리에 같은 표시가 한 번 더 떠올랐습니다.","출석부의 표시가 사라지지 않았습니다. 지운 자리에 같은 표시가 한 번 더 떠올랐습니다.","STORY-RECORD-CONTRADICTION-ROLLCALL-ATTENDANCE","route","safe","22","5","0","0","record|contradiction|rollcall|attendance","contradiction_rollcall_attendance","record","","0","unique","clue_tag","2","0","0","0","false"
"4542","0","CROSSCHECK-ROLLCALL-ATTENDANCE","2","20","5","0","[]","[]","[4442]","false","0","0","0","[4642]","","대조 기록 확인","대조 기록 확인","대조 기록 확인","","","","다른 기록과 대조하자, 출석 표시가 생긴 날마다 한 자리가 비어 있었습니다.","다른 기록과 대조하자, 출석 표시가 생긴 날마다 한 자리가 비어 있었습니다.","다른 기록과 대조하자, 출석 표시가 생긴 날마다 한 자리가 비어 있었습니다.","다른 기록과 대조하자, 출석 표시가 생긴 날마다 한 자리가 비어 있었습니다.","다른 기록과 대조하자, 출석 표시가 생긴 날마다 한 자리가 비어 있었습니다.","다른 기록과 대조하자, 출석 표시가 생긴 날마다 한 자리가 비어 있었습니다.","STORY-RECORD-CROSSCHECK-ROLLCALL-ATTENDANCE","route","safe","20","5","0","0","record|crosscheck|rollcall|attendance","crosscheck_rollcall_attendance","record","","0","unique","clue_tag","2","0","0","0","false"
"4642","0","RESTORE-ROLLCALL-ATTENDANCE","2","22","5","0","[]","[]","[4542]","false","0","0","0","[4742]","","빈칸 복원","빈칸 복원","빈칸 복원","","","","빈칸은 이름이 아니라 표시였습니다. 누가 끝까지 ▓▓을 의식했는지 복원했습니다.","빈칸은 이름이 아니라 표시였습니다. 누가 끝까지 ▓▓을 의식했는지 복원했습니다.","빈칸은 이름이 아니라 표시였습니다. 누가 끝까지 ▓▓을 의식했는지 복원했습니다.","빈칸은 이름이 아니라 표시였습니다. 누가 끝까지 ▓▓을 의식했는지 복원했습니다.","빈칸은 이름이 아니라 표시였습니다. 누가 끝까지 ▓▓을 의식했는지 복원했습니다.","빈칸은 이름이 아니라 표시였습니다. 누가 끝까지 ▓▓을 의식했는지 복원했습니다.","STORY-RECORD-RESTORE-ROLLCALL-ATTENDANCE","route","safe","22","5","0","0","record|restore|rollcall|attendance","restore_rollcall_attendance","record","","0","unique","clue_tag","2","0","0","0","false"
"4742","0","VICTORY-ROLLCALL-ATTENDANCE","2","2","0","0","[]","[]","[4642]","false","0","0","0","[]","final_report","마지막 기록 제출","마지막 기록 제출","마지막 기록 제출","","","","마지막 기록을 제출했습니다. 출석부는 출석이 아니라 끝까지 들키지 않은 관계를 세고 있었습니다.","마지막 기록을 제출했습니다. 출석부는 출석이 아니라 끝까지 들키지 않은 관계를 세고 있었습니다.","마지막 기록을 제출했습니다. 출석부는 출석이 아니라 끝까지 들키지 않은 관계를 세고 있었습니다.","마지막 기록을 제출했습니다. 출석부는 출석이 아니라 끝까지 들키지 않은 관계를 세고 있었습니다.","마지막 기록을 제출했습니다. 출석부는 출석이 아니라 끝까지 들키지 않은 관계를 세고 있었습니다.","마지막 기록을 제출했습니다. 출석부는 출석이 아니라 끝까지 들키지 않은 관계를 세고 있었습니다.","STORY-RECORD-VICTORY-ROLLCALL-ATTENDANCE","victory","safe","2","0","0","0","record|victory|rollcall|attendance","victory_rollcall_attendance","record","","0","unique","mixed","2","0","0","0","true"
"4243","0","CLUE-ROLLCALL-CONFISCATED","2","10","12","0","[]","[]","[4105]","false","0","0","0","[4343]","","압수품 보관 단서 확인","압수품 보관 단서 확인","압수품 보관 단서 확인","","","","행정실 압수품 보관함에는 ▓▓이 끝내 돌려받지 못한 물건이 있습니다.","행정실 압수품 보관함에는 ▓▓이 끝내 돌려받지 못한 물건이 있습니다.","행정실 압수품 보관함에는 ▓▓이 끝내 돌려받지 못한 물건이 있습니다.","행정실 압수품 보관함에는 ▓▓이 끝내 돌려받지 못한 물건이 있습니다.","행정실 압수품 보관함에는 ▓▓이 끝내 돌려받지 못한 물건이 있습니다.","행정실 압수품 보관함에는 ▓▓이 끝내 돌려받지 못한 물건이 있습니다.","STORY-RECORD-CLUE-ROLLCALL-CONFISCATED","route","risk_high_reward","10","12","0","0","record|clue|rollcall|confiscated","clue_rollcall_confiscated","record","","0","unique","clue_tag","3","0","0","0","false"
"4343","0","COMBO-ROLLCALL-CONFISCATED","2","10","12","0","[]","[]","[4105,4243]","false","0","0","0","[4443]","","맞물린 기록 확인","맞물린 기록 확인","맞물린 기록 확인","","","","첫 기록과 보관 봉투의 번호가 맞았습니다. 물건은 잃어버린 것이 아니라 돌려주지 못한 답장이었습니다.","첫 기록과 보관 봉투의 번호가 맞았습니다. 물건은 잃어버린 것이 아니라 돌려주지 못한 답장이었습니다.","첫 기록과 보관 봉투의 번호가 맞았습니다. 물건은 잃어버린 것이 아니라 돌려주지 못한 답장이었습니다.","첫 기록과 보관 봉투의 번호가 맞았습니다. 물건은 잃어버린 것이 아니라 돌려주지 못한 답장이었습니다.","첫 기록과 보관 봉투의 번호가 맞았습니다. 물건은 잃어버린 것이 아니라 돌려주지 못한 답장이었습니다.","첫 기록과 보관 봉투의 번호가 맞았습니다. 물건은 잃어버린 것이 아니라 돌려주지 못한 답장이었습니다.","STORY-RECORD-COMBO-ROLLCALL-CONFISCATED","route","risk_high_reward","10","12","0","0","record|combo|rollcall|confiscated","combo_rollcall_confiscated","record","","0","unique","clue_tag","3","0","0","0","false"
"4443","0","CONTRADICTION-ROLLCALL-CONFISCATED","2","22","5","0","[]","[]","[4343]","false","0","0","0","[4543]","","어긋난 기록 확인","어긋난 기록 확인","어긋난 기록 확인","","","","보관함 접수 시간이 비어 있었습니다. 물건보다 먼저 기록된 것은 ▓▓의 이름이었습니다.","보관함 접수 시간이 비어 있었습니다. 물건보다 먼저 기록된 것은 ▓▓의 이름이었습니다.","보관함 접수 시간이 비어 있었습니다. 물건보다 먼저 기록된 것은 ▓▓의 이름이었습니다.","보관함 접수 시간이 비어 있었습니다. 물건보다 먼저 기록된 것은 ▓▓의 이름이었습니다.","보관함 접수 시간이 비어 있었습니다. 물건보다 먼저 기록된 것은 ▓▓의 이름이었습니다.","보관함 접수 시간이 비어 있었습니다. 물건보다 먼저 기록된 것은 ▓▓의 이름이었습니다.","STORY-RECORD-CONTRADICTION-ROLLCALL-CONFISCATED","route","risk_high_reward","22","5","0","0","record|contradiction|rollcall|confiscated","contradiction_rollcall_confiscated","record","","0","unique","clue_tag","3","0","0","0","false"
"4543","0","CROSSCHECK-ROLLCALL-CONFISCATED","2","10","12","0","[]","[]","[4443]","false","0","0","0","[4643]","","대조 기록 확인","대조 기록 확인","대조 기록 확인","","","","다른 기록과 대조하자, 보관함이 열린 날마다 돌려받지 못한 물건이 하나씩 늘었습니다.","다른 기록과 대조하자, 보관함이 열린 날마다 돌려받지 못한 물건이 하나씩 늘었습니다.","다른 기록과 대조하자, 보관함이 열린 날마다 돌려받지 못한 물건이 하나씩 늘었습니다.","다른 기록과 대조하자, 보관함이 열린 날마다 돌려받지 못한 물건이 하나씩 늘었습니다.","다른 기록과 대조하자, 보관함이 열린 날마다 돌려받지 못한 물건이 하나씩 늘었습니다.","다른 기록과 대조하자, 보관함이 열린 날마다 돌려받지 못한 물건이 하나씩 늘었습니다.","STORY-RECORD-CROSSCHECK-ROLLCALL-CONFISCATED","route","risk_high_reward","10","12","0","0","record|crosscheck|rollcall|confiscated","crosscheck_rollcall_confiscated","record","","0","unique","clue_tag","3","0","0","0","false"
"4643","0","RESTORE-ROLLCALL-CONFISCATED","2","22","5","0","[]","[]","[4543]","false","0","0","0","[4743]","","빈칸 복원","빈칸 복원","빈칸 복원","","","","빈칸은 물건이 아니라 주인이었습니다. 누가 ▓▓에게 돌려주지 못했는지 복원했습니다.","빈칸은 물건이 아니라 주인이었습니다. 누가 ▓▓에게 돌려주지 못했는지 복원했습니다.","빈칸은 물건이 아니라 주인이었습니다. 누가 ▓▓에게 돌려주지 못했는지 복원했습니다.","빈칸은 물건이 아니라 주인이었습니다. 누가 ▓▓에게 돌려주지 못했는지 복원했습니다.","빈칸은 물건이 아니라 주인이었습니다. 누가 ▓▓에게 돌려주지 못했는지 복원했습니다.","빈칸은 물건이 아니라 주인이었습니다. 누가 ▓▓에게 돌려주지 못했는지 복원했습니다.","STORY-RECORD-RESTORE-ROLLCALL-CONFISCATED","route","risk_high_reward","22","5","0","0","record|restore|rollcall|confiscated","restore_rollcall_confiscated","record","","0","unique","clue_tag","3","0","0","0","false"
"4743","0","VICTORY-ROLLCALL-CONFISCATED","2","2","0","0","[]","[]","[4643]","false","0","0","0","[]","final_report","마지막 기록 제출","마지막 기록 제출","마지막 기록 제출","","","","마지막 기록을 제출했습니다. 보관함은 물건이 아니라 돌려주지 못한 마음을 보관하고 있었습니다.","마지막 기록을 제출했습니다. 보관함은 물건이 아니라 돌려주지 못한 마음을 보관하고 있었습니다.","마지막 기록을 제출했습니다. 보관함은 물건이 아니라 돌려주지 못한 마음을 보관하고 있었습니다.","마지막 기록을 제출했습니다. 보관함은 물건이 아니라 돌려주지 못한 마음을 보관하고 있었습니다.","마지막 기록을 제출했습니다. 보관함은 물건이 아니라 돌려주지 못한 마음을 보관하고 있었습니다.","마지막 기록을 제출했습니다. 보관함은 물건이 아니라 돌려주지 못한 마음을 보관하고 있었습니다.","STORY-RECORD-VICTORY-ROLLCALL-CONFISCATED","victory","risk_high_reward","2","0","0","0","record|victory|rollcall|confiscated","victory_rollcall_confiscated","record","","0","unique","mixed","3","0","0","0","true"
